,Interval,Time_min,video,0,0,0,0,0,0,0,0,0,0,0,0,0,0,0,0,0,0,0,0,0,0,0,0,0,0,0,0,0,0,0,0,0,0,0,0,0,0,0,0,0,0,0,0,0,0,0,0,0,0,0,0,0,0,0,0,0,0,0,0,0,0,0,0,0,0,0,0,0,0,0,0,0,0,0,0,0,0,0,0,0,0,0,0,0,0,0,0,0,0,0,0,0,0,0,0,0,0,0,0
0,1,0.0,MAME20,0.00263261717416,3.21173927594e-05,0.000508934701285,0.00173422406739,0.0045536806064,0.000560333024284,3.92739826854e-05,0.000563800212556,5.04553404324e-05,0.000957109808457,0.000112845249723,0.000281657937957,0.00110254728213,0.00073340472522,0.00784111596412,0.0004928167758,0.000836163787222,0.000124937639444,0.00217589821316,0.000609806901366,0.00107567984139,0.000944597800399,0.00381285923771,0.000205712660196,0.00376039478292,0.000273542723388,0.000806745078402,9.52319417401e-05,0.00397886169309,0.000371219391923,0.00201314638971,0.00188232407641,0.00203697804494,4.60837292993e-07,6.78234336138e-06,0.00130749114425,0.00101213467654,0.000606810237104,0.000901518407479,0.000318506151113,1.09573717497e-05,0.000764659105882,6.83427242494e-05,2.58747140969e-05,6.89700482948e-07,0.000465001672559,0.000636195248532,0.000298049252083,2.40005940011e-06,0.00158540300109,0.0012286952101,0.00162170611231,0.000179411433607,0.00323099482399,0.00435923477489,0.000749077966579,7.74334072366e-05,0.000126429910713,0.00431788501807,0.00874430091495,0.00508802428587,0.000829641625703,0.000745609258717,0.00011472644167,0.00145981900497,3.19977684706e-05,0.00329622345174,0.000259085146334,0.000189289660236,0.000634962195422,3.43018031834e-06,0.00080638916553,1.53710113637e-05,0.000846738338809,0.000767962268079,6.27043668815e-05,0.000597243751668,3.50062449916e-07,0.000367317935852,0.00307926495962,0.000733856023326,4.82153710901e-06,0.00117370521309,5.35167364035e-06,0.000618964084008,3.57621304361e-05,0.00146008447086,2.92365754062e-05,0.000696080154463,0.00329463142142,0.00190499668147,0.000275869392556,0.000343756286882,5.31670626597e-05,0.000114719588683,0.00062337974399,0.00115064283528,7.98637148636e-06,0.00251366659829,0.00380285008502
1,2,0.5,MAME20,0.000351503269839,0.00169855538637,0.000431352075894,1.14325474248e-05,0.000416844633,0.000897860717925,6.2127895634e-05,0.000288228514506,8.62517983591e-07,9.56329816632e-05,4.71983459738e-06,0.000299133734748,3.52338696497e-05,6.63179678939e-06,6.35490872236e-06,0.00142681820636,0.00112809316229,0.00051519519655,0.000552992324221,1.68948936141e-06,0.00127724624093,0.000240741140844,4.28426454837e-05,8.03481150816e-05,0.00116155083903,0.00153949083313,0.00111956865345,0.000360915735565,0.00110220356516,0.00480504812188,0.000256156530564,0.00288037375231,0.000144444991839,1.14623448654e-05,0.000298364502447,0.00257267664424,0.00171527032413,6.7364956946e-09,2.1859895083e-07,6.02660668976e-05,2.18763723534e-05,0.00121031230173,9.59821618828e-05,0.00122590390079,0.00147415556686,0.00446544019354,8.59096122233e-05,0.000269731422374,6.60895189453e-06,0.00178573581258,0.000363965988611,0.000947313571777,0.00085618859076,0.000119221453684,0.000280974713474,0.000792151391905,0.00192217592676,3.3729200245e-06,0.000244075358917,2.35823457035e-05,8.4643322249e-05,0.000590954476105,7.2920040746e-05,0.00103514935763,0.000416143397845,0.00679706449313,0.00028332983263,0.000107266051423,6.4964091756e-06,0.000792922288392,2.85692629365e-05,2.80160761765e-05,2.99500981982e-06,4.2627293967e-05,0.00050569155036,0.000234839251075,1.37864360902e-05,0.00059833621165,0.000880998184348,0.000879207890913,0.000259243137924,0.000364452830488,0.00128046393036,0.000228952210238,3.56991107405e-05,0.000170872669384,0.000639487414566,0.000225767802715,0.000164066425486,0.000578697910731,0.000397077789757,1.55373800836e-05,0.000799778412799,0.00103133049571,0.000105249704308,0.000104917417594,0.00073930660321,0.00019623806969,0.00639870109269,0.00106467379884
2,3,1.0,MAME20,0.00024619140114,0.000561892550614,0.000441085953119,0.00246021381201,0.00261435944036,0.00737382683994,0.000118629485715,0.000176621312905,0.00360365386826,6.32251305633e-05,0.000543690025239,4.94405107495e-05,0.00041263017233,4.1386311577e-05,0.00289798038726,1.44210585404e-05,0.00138560186528,0.00279440669705,0.000389169433408,0.00173482356259,2.11753068003e-05,2.23701449276e-06,0.00306071471414,0.00220920463869,0.000812044096688,0.000102370666034,0.000104888645456,5.23321200818e-08,3.64559337062e-05,0.000751694706897,0.00260251658802,0.00151413682591,9.71257608784e-08,0.000197807247791,0.000173777906298,6.30076803221e-06,0.000223150254322,6.47960809597e-05,9.89079444669e-06,5.69689325095e-05,0.000713273632374,0.000596381120147,0.00162365637961,0.0001855738968,0.00214309466694,0.00139001932926,0.00124047214209,0.000146114191566,0.000151327685546,0.0042918165906,0.000116335368196,0.000168453915207,0.00774071857673,0.00137643146803,0.000165987427817,0.00126894193685,0.0015525094162,0.0105848119998,0.00439988240312,0.000255181941142,2.46838623512e-05,8.29325792345e-05,7.58124280081e-05,0.00041201233823,0.00149069474999,1.76605545783e-05,0.000221827159106,0.000764236019345,0.00165624536511,1.37430140723e-05,6.42344303755e-05,0.000183304845021,0.00171360658519,0.000266355088428,8.5573398805e-05,0.000810319506237,0.00237263596528,3.89848667884e-05,6.49554230501e-05,0.000952096631945,0.000504888330433,0.00239909746602,3.03652523533e-05,0.00103144904862,0.00032876404284,0.000388081867492,0.000854084869029,0.000177157623568,0.000187879920832,0.000103202845804,4.13124395916e-05,0.000665343177319,0.00157871524635,0.0115628849546,0.000818334792606,8.50084549159e-05,7.03328053361e-05,0.00294977221361,0.000777546293636,0.00467297214528
3,4,1.5,MAME20,0.000472241404092,1.5690091562e-05,0.000329725242387,1.66515286636e-05,0.000727876770008,0.00322885202343,0.000127132089883,6.94222701382e-05,4.75180194696e-05,0.0010141141733,0.000281914727613,0.000402251757488,6.92885294187e-05,0.00237918051519,1.51669944962e-05,0.000714723516072,0.00136307474659,0.00133674184986,0.000556873985001,0.000314600443337,0.000686491551661,0.000410262558034,0.00196532803234,0.00128254088819,6.83095242739e-05,0.000714116462784,0.000976868112414,0.00187113052012,0.000738137803996,0.000337581075318,0.000874294524857,0.00312732808919,8.60762697523e-05,0.00144842759879,1.25495337011e-07,0.000210091213885,0.000213526726879,0.00185942073141,0.00138401040721,0.000197461406472,0.00175583632376,0.00156756612795,0.00122460409444,0.000284809706943,0.00032023941121,3.17659254456e-09,0.00137453084403,0.000288240731972,5.85161895845e-05,0.000813190983245,0.00130211205647,0.000406849422475,0.000554187040834,0.00015071524122,0.00197446476838,0.00158189485808,0.000217577630087,4.90651959221e-05,0.00184805628086,0.000997177926274,0.00069486263157,0.00034065923508,0.000670740577893,4.32974596334e-05,2.58860914926e-08,0.0013040774025,0.000150620850543,0.000536152462507,0.000750491659563,2.37828021881e-05,0.000414331103938,0.00338565169862,9.45862237749e-05,3.20440243377e-05,0.000796798183417,0.000928748276325,2.74927420161e-05,0.00120568992349,0.0029021820532,0.00782338225783,0.000584586983109,0.00146274461221,0.00050188888119,0.000186283913669,0.000402239638152,0.000108217122004,3.92355074241e-06,8.25325434139e-06,0.000596425915306,2.96618241313e-06,0.0033141003746,0.000130469258475,1.96004194706e-05,0.000704850379619,4.4668666916e-05,0.00288591686284,0.000284096037602,0.000538135364863,0.000409441674063,0.00206119226706
4,5,2.0,MAME20,0.00492754368625,0.00101384583205,5.46336558638e-06,0.000199260443397,8.1770035156e-05,0.00139611332111,0.000476917688447,0.000188079320359,0.000247519952026,0.00104577247005,1.66982553865e-05,9.47645765824e-05,9.67342545233e-06,5.52325052083e-06,0.000155456563906,0.00116522691766,0.000806283999059,0.000944907450731,0.000695400524651,0.00162137060367,0.0010201880592,0.000183533352721,4.00550218782e-06,0.000492590424135,0.00176370466953,0.000904245223638,0.00152450480394,0.00106513098645,0.000398829810652,0.000339945166886,0.00146085715596,0.000264378470549,0.000753490715455,0.00140729057907,0.00144388801792,0.00598311643552,0.000262747279587,0.00182993308179,0.00177317895274,0.000396264612818,0.000707467994771,0.000385099776253,0.000137661891954,0.000257000116062,0.000413648115714,0.00206126445924,1.98147854482e-05,0.0013256900777,0.000399223370155,6.16154494771e-05,0.00449570766843,0.000232225547479,0.000585549445115,0.00080633178547,4.25070130682e-05,0.00069067444676,0.00939126414622,0.00158837406486,0.0016003765153,0.00115115497928,0.000134714225863,0.0018870472453,7.08686687199e-05,0.000419720743775,0.000701642488979,0.000436227084079,0.000494806709094,0.000211683692496,5.05207757562e-06,0.00260893560951,0.00109610019872,0.00122180891971,0.000254332794789,0.00219201884684,0.00151664946763,1.25556322732e-05,0.00102731145471,0.000207505434849,0.000240108008575,0.000152432273453,0.0022506150781,1.86988749329e-06,9.21366261663e-05,0.00464573818401,2.750153556e-07,0.000762865527234,0.00321220872322,0.000771506249011,1.91541916118e-05,3.80634968213e-05,1.99700900116e-06,0.000152021048333,0.000254726217291,0.000271537398527,0.000602092550422,0.00533271297707,0.0030873529426,4.89904915034e-05,9.81503601477e-05,0.00055921595051
5,6,2.5,MAME20,3.54328107433e-06,0.000892787335967,0.00293295836802,0.00107985454145,0.000377939991866,0.000713569168816,0.00104708357601,0.000168841465132,0.00192459838117,0.000127153732071,0.00537320580676,0.000120646428844,0.00266367953463,0.000174900847638,0.000897877199477,0.000273011289604,0.000100312089755,0.00107692639644,0.00157292182113,0.000223633003676,0.000382427048221,0.000172971258045,0.0011931802374,0.000672158003566,2.38283975251e-06,0.00260293765798,0.000351779783069,0.00112740207551,0.00142285809404,0.000443590665187,7.12411981822e-05,0.00244787627207,7.41985691167e-05,0.00177198270534,0.00188881996514,0.00143979241153,0.000184467869436,1.96662171603e-05,8.29448516904e-06,3.66346265073e-05,0.00535533638442,0.00273022119911,0.000478198394824,0.00254370064575,9.68545952843e-05,0.00157886796809,0.000636636584709,0.000435445366128,0.000221461884289,0.00181144227448,0.000222086426885,0.00072668828524,0.00219798725314,0.000250398389347,0.000472638306051,4.09462498701e-05,0.00043360192588,0.000175485306257,0.000987461787894,0.000929576337277,1.42728086794e-07,0.000963626175688,0.000494663120307,0.00015349786952,0.000950362928992,0.00117995010884,0.00147303094674,0.00108064943466,0.000767373233899,1.65439520009e-05,8.43235734728e-05,5.43445039358e-06,0.000718922841583,0.000683893832332,0.00252760453013,0.000342613972765,0.00059198080339,0.00135816498072,0.00310096123993,0.00489200503199,0.000777994514495,0.000150855317353,0.0022832766319,0.00241742746907,0.00230627663673,0.000457580458847,0.000967183831651,0.00122424878726,8.89342151922e-07,0.00182951914738,0.000628736683777,0.000377814967588,0.00142552733817,0.000610580509908,4.99763983962e-05,0.000614712921312,0.000177538640109,7.6281747563e-07,0.0011637952774,0.000143269871165
6,7,3.0,MAME20,0.000203932184959,0.000258698632164,1.72736726156e-06,0.000532369426236,0.00393196167904,0.000235802284775,0.000103083774607,0.00115332140646,0.00187555889708,0.000578837743755,1.52352394327e-05,0.000319614299802,1.63567086175e-06,3.90043830333e-05,0.00155629820383,0.0011175487843,0.000618547769829,2.58591186353e-07,0.00107971755045,1.63196938918e-06,3.23381030347e-05,0.00271063408275,0.00151216224632,0.00193849674614,0.000170234862476,9.49514721945e-05,0.00323309205299,0.000671487373695,0.00491189389906,0.000814893904447,0.000104841272206,0.000467846973511,0.00280668534671,0.000251306338216,0.00059805138309,0.000198598168763,0.00292174706035,2.61110921884e-05,0.00462161513638,0.00149779707307,0.000602454045757,9.80369691957e-05,0.000223372063193,0.000642522870972,0.00231630764236,4.89013667682e-06,2.95992053704e-05,0.000539198447738,0.000228986954504,0.000493197707629,0.000192346227539,0.000140621522726,1.80836645658e-09,1.80733206179e-09,0.000564079773577,0.00115359575674,0.000228245475382,8.8043165082e-05,0.00156782109941,0.00176566439085,2.25341871229e-06,0.00177249493354,1.43809377234e-05,0.00073166186515,0.00168800034753,0.00208028461539,0.00036585181555,0.000694879288721,3.39888028336e-05,0.00139499813911,0.000803098641904,0.00110890059319,6.66060990383e-05,4.80573658578e-05,0.000995867647385,0.00309249810516,6.82472825253e-07,0.000329855830003,0.000955549707935,0.00252950201442,0.00100888327762,0.000920065932925,0.00248460237678,0.00211465292327,1.0779794042e-05,0.00161164402647,0.00112598258537,0.000162217318175,0.000901358695274,0.00337386467248,0.000558073567528,2.21092320825e-05,0.00136937717709,0.000501164260078,0.00242166257751,0.000849999844288,0.0038661261842,0.000234201349295,9.46949709423e-05,0.000550502640453
7,8,3.5,MAME20,0.000384343148533,6.29339001734e-06,1.60013018402e-06,0.00025184471492,0.00354431430385,7.66051316048e-07,0.000290888187648,3.53092465524e-05,8.35252362719e-06,0.000539876502938,0.000581630393836,0.000595384291789,0.000686804843074,0.00027599606216,0.000424280970119,0.00135291759185,2.86100440388e-05,5.00400019672e-05,0.00281172499133,0.00529138268737,0.000215442659117,0.000542987425661,0.000203776874868,9.88036362692e-06,0.000289799088569,0.00388165102062,0.00149665109268,0.00358456019536,0.000302604303554,0.00116774549523,0.000150221982427,6.07335705627e-06,0.00147380445041,0.00106794873709,1.75056825852e-05,0.000508531622331,0.0030289340449,7.76116535101e-05,0.000323768625049,0.000282389360841,0.00155829538616,0.0015712591593,0.000382302302939,7.91606180395e-06,0.000561551639533,0.000344801312836,0.000701512410256,0.00236102725788,0.00100379266194,0.000142829128107,6.3763968346e-05,0.00100944396574,1.814657796e-05,0.00187148005746,5.42198782131e-05,0.000121707367056,7.35409343977e-07,0.00140472142403,0.000112100107253,0.000570982613993,3.02712461625e-05,6.32980978006e-05,0.00149266880948,5.64564014123e-05,0.000436179158096,0.000337064934254,0.00284685831741,0.00134215050067,0.00048820391175,0.000163398656102,0.000821905025052,0.000589889842951,2.90045158556e-05,0.0004757917452,1.51584448697e-05,4.44943951108e-05,0.010190907303,0.00151572199602,0.000460359791589,0.00179053080868,0.00030358120782,2.99414710158e-05,0.00254049698833,4.55419526388e-05,0.000844833593308,0.00330552862543,0.000173719439998,0.00116264727394,5.19915400675e-05,0.000812299879184,3.29235303306e-05,0.00320325079786,0.000157774085723,2.90590790816e-05,1.05639777215e-06,0.00200354340819,0.00155658569279,0.00108573004651,2.16469894937e-05,0.00301376379255
8,9,4.0,MAME20,0.000629075524366,0.000758449316428,0.0008941334564,0.00272565303236,0.00260193035817,1.14541077001e-05,0.00119761443693,0.000534203685749,0.000240975701344,1.35421816592e-05,0.000140022108886,0.000511548982339,0.00101427246614,0.00204248656217,1.26913372301e-05,0.000487009711969,0.000548024004198,2.5061548059e-07,0.000249885774607,0.00408032453463,0.00105264663514,7.79899148595e-08,0.00195293847973,0.000676328319959,0.00100043682577,9.88385596102e-05,0.000100863838186,0.000235675978363,0.000336694911425,0.000172716580713,0.00038456018447,0.00134386394361,0.000853615641977,1.51981279779e-05,2.22508533487e-07,0.000105922973298,9.2472407387e-07,1.06329652608e-05,0.000172105304676,0.00545899880594,0.000130164510114,6.71372977556e-06,0.00758998313127,0.00134689359216,1.90614239074e-05,0.000157907167336,6.37044058194e-06,1.03361751987e-05,0.00013981167134,0.000308403245972,3.48100976219e-05,0.000117140244468,0.00058297081629,0.00220602027694,0.000174000469037,6.29946044584e-06,6.24840426621e-05,0.000743697567164,0.000210170676061,0.000448207133483,0.00429217573118,0.00211609510426,0.00216925981828,0.000925581255465,2.70022331832e-05,0.00014424828521,0.000735729111998,0.00170936200087,0.000697659722952,0.000553243869608,0.00107334562573,3.75363246886e-05,0.000414266943244,0.00171029563179,0.000930088431051,0.000625541407548,0.000959616631182,0.00050595186543,0.000993877576764,0.00390252155507,0.000530158687345,0.00134803320344,0.00291682715517,0.000176409345616,0.000371977201957,0.00170585396753,0.000213931508268,0.00150253361462,0.000205947885242,3.25278073604e-05,0.000592932290489,0.000546252839846,4.01530155146e-05,0.000928792547071,0.00164487752057,0.000137496242974,0.000927037147154,3.59608177541e-05,0.000841716432119,0.000458308662142
9,10,4.5,MAME20,6.16725427325e-05,0.00134381911742,0.000187897574274,0.00086240183784,0.000358849584846,0.00162918638578,0.00461343082939,0.000870720791534,0.00104417403356,0.00233594047867,1.01075659047e-05,1.18465257926e-06,5.97100916245e-05,0.00159111728052,0.00111705302543,0.000296045333324,5.88058952714e-05,0.00161046242814,0.000568320603645,0.000362474647666,0.00160983246464,9.97513312544e-05,2.95259960257e-05,0.000427586114195,0.000126784703503,0.00159340283879,0.000905301345578,0.000691271963037,8.07953543277e-05,0.00302062548056,2.89203049175e-06,0.00353195179403,3.55892929571e-07,5.19958337042e-06,0.000332301059249,0.000129771724449,0.000619057899049,0.00173762364351,0.000365940516797,6.96723080086e-05,5.33491996701e-06,0.000306213091789,0.00032395431229,0.00198080329763,0.00146015592533,0.000128404670572,0.00249685272179,8.88948604894e-06,0.00132290536493,0.00170865070715,0.00512615380323,5.39125838417e-08,0.00108604169059,0.000200195651515,0.0025197695019,0.00270171642743,0.000594984524338,0.00136241422722,0.000844744674039,0.000249188851629,0.000265905992768,0.000209760809638,2.58313208418e-05,0.00231334488789,0.000976296902342,7.48297286838e-05,2.08979917796e-05,0.000777415027609,0.00775836247709,8.74305202679e-05,1.14975574961e-05,9.82157060621e-05,7.28311796288e-05,0.00231846120929,1.36891894276e-06,0.00656338172436,0.00179586852468,0.00168797702045,0.00111226818156,0.000683642998734,2.96531063712e-05,0.00208758934064,4.06131029159e-05,0.00359646908959,0.000145506465978,0.000612734764601,0.000224313696115,4.48836062044e-05,0.000226574693269,0.000731801766298,6.10281516549e-05,6.90239662537e-06,9.54654586416e-06,0.000108050162962,6.81851377992e-05,7.34241551348e-06,0.000473189210122,4.07404513136e-06,1.30050775571e-05,0.000827731801645
10,11,5.0,MAME20,0.00100127970545,0.000607567657008,0.0014068889578,3.70123073612e-05,0.000344346743223,0.00096444586738,0.00387786349742,4.07428781495e-05,9.94391092435e-06,7.72944563699e-05,0.000772006494595,1.21289809012e-05,0.000859637562359,0.00105506161299,2.75741006891e-05,0.000513729543485,0.00196606022773,0.000322842237178,8.6818515744e-05,0.00117159293983,0.00153674611403,0.000220438674863,0.00436500034087,0.000368585832007,7.97461493419e-05,0.00163088708352,0.000403485605255,0.00216891992549,0.00105516037713,0.000504599770017,0.00186981913409,0.000342990009963,0.000513971064598,0.00211804932098,0.000561978813403,0.000273487004385,1.30767472966e-05,0.00250223417208,0.00159697031812,0.002576205922,0.000104231849641,0.000366718149001,0.00214450111035,0.00166528323951,7.74099488681e-05,0.00305356284629,0.000692890112283,3.25183258024e-05,0.000264047468656,2.50065390592e-05,6.09500177773e-07,4.57937910295e-05,2.24707490935e-05,0.000599779348719,4.67418697665e-05,0.000327028820096,7.03558492618e-05,0.000986958564162,0.0044302757684,3.03226508752e-05,0.00147498540023,0.00132715515311,0.00013710874264,5.89642792542e-05,0.00313727410598,6.4381507358e-05,0.000111138883738,0.00116789948614,0.000343017068094,8.66874079993e-05,3.91144110177e-05,0.00741356573703,2.41984422034e-05,0.00353314945651,8.48552889404e-05,0.00351796821818,0.00187930792673,0.000298882455749,8.44869440699e-05,0.000111947793199,0.0014600189454,0.000319225876208,0.00111143044877,0.00115762297947,2.62076095002e-05,0.000115695054121,2.25389999247e-05,0.000103605899493,0.00474619245664,0.000750770193609,0.000154871187233,0.000249930505484,3.96862253151e-05,0.000317543344833,6.09952758768e-06,0.00372936032012,0.000753598705194,0.000246532254887,0.00121320843431,0.00456922412154
11,12,5.5,MAME20,0.000377462546269,0.00177736036541,1.24907324479e-05,0.000172598325173,0.000264246765344,0.000354960178083,0.000412194661285,0.00192618347583,0.000433421790296,0.00191927165891,0.00138540009525,0.00771387538965,2.98243386322e-05,0.000390720299107,0.000673058580419,0.00257249395083,0.000151379818072,0.000473059781066,0.000102314398779,0.000715136160384,4.13804409769e-05,8.52007384656e-05,0.0015498644354,1.54852101185e-05,0.00121263838202,0.0001437388866,0.00027104278316,0.000297528847502,0.00224305016459,1.85214544676e-05,3.60329055371e-07,0.00508025044901,0.00020669902083,5.24683065216e-05,4.39290378085e-06,2.70196616259e-06,0.000138140493311,0.000810128095275,0.00057266397397,0.000978208529294,0.00166767491553,1.51902620904e-06,7.20341291431e-05,4.29932581301e-05,0.00164630482553,0.000414357296052,0.000587218808979,0.00131050558942,0.000868634566036,0.00228847517697,0.000156230996473,7.42917410623e-06,1.19356867203e-05,5.20235089962e-06,0.000816735340153,0.00164398689244,0.00126337990193,9.69176734789e-05,0.000530308805542,0.00162068982687,0.000242522853541,0.000592459186176,0.00195638067513,0.0023080205021,0.000541626322545,7.82591512655e-05,0.00200228090267,0.000109214459604,3.78189487195e-05,0.00159419337111,0.00111715773957,0.000160411904971,0.00181258266466,6.08012021625e-05,1.32734599279e-06,0.00701136606496,0.00063048800115,3.03179617082e-05,0.000481256122265,3.22553393153e-05,0.00558772749157,7.68549548337e-05,0.00048718782441,0.00130283489171,0.00313022991619,2.93270048348e-05,0.00129049674385,0.00129171259534,0.000423468924194,0.00011936220196,9.69016383854e-05,0.000311042767941,0.000472845848226,4.67258406099e-05,0.000425812146715,4.69094185422e-05,4.45907118074e-06,4.71562698234e-05,7.32012995941e-05,0.000778725392511
12,13,6.0,MAME20,1.1109761855e-05,0.00206874911266,0.000458340740458,0.000326037535962,0.000486275384745,0.00218718026965,0.000572679418882,0.00012384446031,7.94178121345e-05,0.00301174646447,0.00213082547913,0.000327738661725,0.00262816459704,0.00185252028389,0.000142192007042,0.00608609573428,4.29814983194e-05,0.00137126644018,0.000538414488558,0.00216799076735,0.00299734440962,0.00239708738073,1.54055697674e-05,3.14428813668e-05,0.000270988981399,0.000148653548986,1.53640057043e-06,0.000462492586753,0.000828538925024,0.00020555875815,0.00198462581388,0.000360799405375,0.000754243474944,1.673820302e-05,0.000282225138516,0.000831219432248,0.00358966949625,0.00123361839515,0.000933137530856,0.000174615124444,7.84877143678e-06,5.53194045466e-05,0.000992043457259,0.000835730243178,0.000624444288756,0.000221843063874,2.76472444272e-07,0.000639285114599,0.00167395591604,0.00121440779179,0.00220772606571,0.00314554376697,0.000690119918797,0.00259688565132,1.63518993201e-05,4.83540324212e-05,0.00014935714227,0.00104643070725,0.00142573726471,0.00016680771333,4.81959630538e-07,0.000825164589183,0.000918267281569,0.00345488146205,0.00215136718248,0.000630096303626,0.000939833669744,0.000996989855789,0.000849143622627,0.000236369554749,2.00210272621e-05,0.00148118535777,0.000153790797401,0.000470745600595,9.6031766278e-05,0.000199016253712,9.59373761189e-06,0.000563480753892,0.000573984221505,2.42558244157e-07,5.09786771714e-05,0.000408494167963,9.81429594251e-05,0.000854569897661,0.000163180153294,0.000842528982489,7.53617743707e-05,7.94631010081e-06,0.00182124647279,0.00305928147042,4.82830568194e-07,0.000964786005439,0.00278569454966,0.000248622734518,5.13283647341e-06,0.00058847453956,7.1169959676e-05,0.00191973475399,0.00273472331053,0.000270812261313
13,14,6.5,MAME20,0.00142689809077,1.24620324393e-06,0.0024855945044,0.000696832736539,0.00108608331417,0.00105771528933,0.000177925938127,0.000337074655732,4.04136779597e-09,2.00395642694e-05,0.00015569892061,0.000113884337919,0.00158287759107,0.000493590387803,4.975500593e-05,0.00182613386661,0.000235529172967,0.000433945738431,0.000382912313741,0.000136677596075,5.77723944553e-05,0.000287680816848,0.00159458748232,0.000972706975808,0.000714553024223,0.00165355932176,0.00110641252082,0.000433665160455,0.00733181117426,7.14170425886e-06,0.00227944637032,0.00259211488858,3.0649435123e-05,0.00946378907959,0.00197907996654,7.56035048686e-05,0.00012043122781,0.000845067224065,0.00115033224571,0.00389917611449,0.000466320039039,0.00690959168666,0.000381101771062,0.00061991316738,0.000262059968001,0.00222361084257,0.00102103924977,0.001706302307,0.006712179807,6.49027935351e-06,0.00282762973861,0.000103070719524,0.00126546695564,0.000241619011827,4.1823711161e-10,9.55046142312e-05,6.37250909907e-05,0.00081224350276,1.38065671572e-05,1.4090971248e-05,1.00917214378e-05,0.000757951065188,0.000271471237767,0.000741798101644,0.000389264806355,3.87026948436e-05,0.00127104034665,0.00104827029962,0.000818954860957,0.00131437219019,0.00376109411918,0.00228417508537,4.5972530353e-05,0.000907107305545,0.0011792610352,0.00127652178963,0.000814016662599,2.69552014474e-05,0.000166160409328,0.000611361898163,5.62881480154e-05,0.000285119652373,0.000830276847184,0.00283398040183,0.000203787331114,9.62021291517e-08,0.000538620697795,0.000753418670631,4.04931469925e-05,0.000986077268639,0.00124853362496,0.000462571102274,0.000885118151212,0.000258821622114,3.85527070015e-05,0.000351234778341,0.000120753962156,8.96636856126e-05,0.000975469122626,6.43254598698e-07
14,15,7.0,MAME20,0.00236301825692,0.00269054542056,0.000253557247419,0.000442314126336,0.00047794581728,0.00026533680736,0.00361308752832,0.000800068775262,0.000379814784602,0.000989439402001,0.000163412409138,0.00278581326352,0.000972493595866,0.000276759327249,4.58480667167e-05,0.000392231788765,0.00186861591545,1.13966185544e-06,0.005937951579,6.46413347938e-06,0.00101677268664,0.00131659495197,0.00091039036215,0.0019496109311,6.01185217639e-05,0.000209154065454,0.00170957528427,2.11609692036e-05,2.48195756648e-05,0.00119843957752,5.48381438766e-05,0.00151770061363,0.00415574476601,0.00349805027997,0.000312733571064,0.000766296384233,0.000611404266954,5.14154847764e-06,0.00140427885541,1.23201366997e-07,0.000514053958105,2.83028897614e-05,0.000122022514448,0.000488620071613,2.92238048722e-05,0.000566794737648,0.000287869344916,2.60702750632e-06,0.00160758627376,0.00450039807674,0.000128614602113,0.0078355363464,0.00012324377971,0.00016489539463,0.00100078130076,1.09135518054e-05,5.70844999048e-08,3.79552677539e-05,7.25554337528e-05,0.00214764439453,0.000365956600822,8.32259830719e-06,0.000938296357359,0.000152873278199,0.00112620059106,5.04612389475e-05,2.2521967985e-06,0.000523665083177,0.000163006021601,7.07755945627e-05,0.00527990204697,0.00034011287394,0.00171811164554,0.00178794000104,0.000791936341781,0.000100144707059,0.00180720449975,0.00142964520024,0.0158919403822,0.00165702033246,0.000687028058038,0.00101872765675,0.000356209339439,0.000113700235382,0.00130746429237,9.59663255087e-05,0.000152793404794,0.000301838497325,0.00140554341903,0.00622283465043,0.00111554402337,0.00117271883981,2.9031552741e-05,0.00315267073708,0.000204173919456,0.000207390464426,6.4436171036e-05,1.01027830272e-05,0.000420172744284,0.000147732638798
15,16,7.5,MAME20,0.000979613669772,0.00149521130915,2.84363064385e-06,0.00119941710213,0.000667025333413,0.000986460301544,8.46182811576e-06,2.15066137121e-07,0.000113814484386,0.000126034135533,0.000524636886132,0.000315510418644,0.00101056092092,8.22067426018e-05,0.000194697264411,0.0043584027306,0.00115088697058,0.000733593502152,1.56347162823e-05,0.000331191338758,8.41413313942e-05,0.000301223946783,9.94821893399e-05,9.717409044e-05,0.000180820311021,0.000265237265774,0.00185237607749,5.58436912079e-06,0.000712838212371,0.000708911468065,0.000317585396417,1.6674981115e-05,0.000198741789497,0.00044795345849,9.28825472002e-06,0.00417748364975,0.00191519662799,0.000330487885154,0.000569627341717,0.00146448084225,0.00144453955827,0.00185418166913,0.00108012670194,4.08954842934e-06,0.000311618925204,0.00351570968661,0.000607824719479,0.000433549185743,0.00221766128668,0.000809928590706,0.000488380195001,0.00455169939751,8.03224934195e-05,4.05657096937e-05,0.000241945077386,0.000300744841093,4.02094390017e-05,6.07540976416e-08,0.00134362466334,0.000118616374893,0.00015619102178,0.0035697149687,0.0014395752194,0.00163667444013,0.000147421691861,0.000395080066832,0.00273173125057,1.13142333424e-06,0.000113214279411,0.000326053511503,0.000192278776397,7.50555708695e-05,0.00127950929778,4.06071954997e-05,0.00109307875827,0.00117095387225,0.000292421580802,0.000681750145017,0.00275570856635,7.77744545937e-05,0.000250539744052,3.8589166711e-06,0.000504755691466,2.49189650026e-06,0.000420772564983,0.00172199928846,0.000254950139883,0.000424393738951,7.10123384073e-06,0.00400245842093,0.00126425590979,0.00154538404887,0.000760645766351,0.000579234468326,0.000301462581427,0.000656332281619,4.43008534426e-05,1.55088418569e-05,0.00031065406852,0.000373025988972
16,17,8.0,MAME20,0.000379482371066,0.000146300635253,4.22846054504e-07,0.000689469589995,0.00224941659497,0.00014489286977,1.85837683084e-05,0.00102940283506,0.00364265200497,0.000329608428854,0.000530398266697,0.000117898220845,0.0014870439873,0.00204087371464,0.000679947234511,0.00028571678513,0.00210288718612,6.14681665234e-07,0.00140059581387,0.00353004490587,0.000365465695779,0.00163345063814,0.000164313538474,1.53505097844e-05,1.01996449385e-05,0.00131632188987,0.00084792203771,0.000476483205326,0.000883194475816,8.75949857205e-05,0.000376013392102,0.000422648822135,0.000855715093673,0.001786630448,0.000190567757139,0.00044804001589,0.00209843975395,0.000237524505385,0.000218637276265,5.40040710333e-05,0.00135813903989,3.71467833734e-05,0.000330831318641,0.000686992307934,1.13580221539e-06,0.00360406735095,0.000508762291647,3.29143529543e-07,0.00207918578029,1.12768278963e-05,0.00519289437124,0.000426615243775,0.00296207867256,0.000869742792759,4.22538345576e-05,1.3743870706e-06,0.000219803991609,0.0016787343249,0.00331473154559,2.323736853e-05,0.000127845145239,0.00048929162727,1.53328263608e-05,0.00146578050222,0.00283293932418,3.48900574348e-05,7.18529752725e-05,4.63936024819e-07,0.000198224717097,6.88038738106e-06,0.00134775586367,0.000530294201091,0.000565646866983,0.00210525271443,0.000501820355015,1.12919161508e-05,0.000674593509169,0.00104179583726,0.00329171139746,3.26122456813e-05,8.98475034711e-05,0.000638088727576,0.00177604626063,0.000370785689073,1.12976983356e-05,1.20299772921e-07,0.000101153582338,0.0026143230241,0.000144696806451,0.0111062376117,0.000176975758207,0.000117355060233,1.11833814631e-06,0.00264799674062,0.00026121182571,2.63493162052e-05,7.86424092514e-08,2.28999975745e-05,0.000380733240284,0.00294959927563
17,18,8.5,MAME20,0.0018266270933,0.00241546028073,0.000152512904508,1.58586991605e-06,0.000126350243926,0.00122761341082,1.0420750729e-06,9.06751991888e-05,0.00111610951859,1.3259700525e-05,0.000968961865584,0.00177482541143,0.00147452228981,6.06217358958e-05,0.000989378911677,0.00148355598808,0.0014525593561,2.12894376539e-06,1.99063495564e-05,0.00192718997932,0.000854078172986,1.30212869376e-08,0.00208557493477,5.73235854355e-05,0.00102966635446,0.000423226167223,0.000541774279451,0.000759645153686,0.00619218909693,0.00277364212594,0.00168833018328,0.00278148116023,0.00342922480625,0.00201520188464,0.000173788172545,0.00152261305211,0.000129390421821,0.000139476695814,0.00118420472083,0.000249514863829,0.000382856740354,0.00127720789018,0.000374949488947,0.000504160166322,0.000401421980166,7.75314857158e-05,0.00185182625702,0.000585620697747,0.000174711560781,2.99124832519e-05,0.000533585852813,0.000214025380626,0.000187312892451,0.00211621609953,0.00319061558709,5.87401641363e-05,0.000794046256157,0.000650990080406,0.00195964815681,0.000503627004791,0.000840600860028,9.96479208515e-06,0.00223056908517,1.00411303003e-05,5.02545955348e-05,0.00105814837009,0.000226387937562,0.0036912117103,0.000214783284924,0.00116595267093,0.000583658378781,6.59139047167e-05,0.000870513389239,0.000253683352038,0.000138215442239,6.87073618582e-05,0.000236998709445,0.000709036014205,0.000125994637847,0.000918735467227,0.00100173206342,1.77550773328e-06,6.82093184845e-05,0.000254924697458,0.000141202950216,0.000915953065661,8.91718058429e-05,0.00232493647182,0.00112349914587,0.000652777374487,0.000171487196968,2.59469694252e-05,0.000132126205092,0.00162370138611,4.024412309e-05,0.000231911585973,0.000409094798802,1.59150341461e-07,0.00176410671899,0.000202540431684
18,19,9.0,MAME20,0.00322879201002,0.00233220627128,0.000139035597959,0.00169541378181,0.000287884601059,0.00487480645654,0.000124323516939,0.00246695824929,0.000531429130029,0.00364821548131,0.000236408064174,3.39825959534e-05,0.00140556575636,2.75974081412e-05,0.00296008019786,0.000397767417308,0.000217898318286,0.000530711271674,0.000142530367734,0.000116936166581,0.00115971566066,0.000715711103514,2.78192817426e-05,0.00127223981644,1.09688158731e-05,0.000229109395177,0.00120988009801,0.000756458379877,5.98814489604e-05,0.00193245772986,0.000180784941133,0.000530736622674,0.000247037073269,3.39767058932e-09,0.00114273534852,0.00377044643306,0.00100419367939,0.000144268719672,0.00334243948298,0.000303658036828,2.16665021713e-06,3.22698285748e-06,0.000673425060211,8.90418958492e-05,0.00125363902954,0.00171893424235,0.000805018806416,0.000502629614732,0.000292060914242,0.000113113405737,0.00164161564311,6.20239603899e-07,6.58981710931e-05,0.00109383551472,0.000612869841554,8.37610945048e-07,5.78827385667e-05,0.000217059679835,0.000152955592681,0.000685316020695,0.00177323336324,0.000539990953965,0.00305239951058,7.689493158e-05,0.00398074169875,0.000104312569374,0.00100497425315,0.000354974729383,6.55426259851e-05,0.000591958293292,0.000305725422459,0.000513913046117,0.00064757274894,0.00026520586938,0.00177993388933,4.32085555113e-08,0.0027882816207,0.000438627927867,0.00282225388315,8.08204376246e-06,0.00144987964404,0.000441008994694,5.71577363273e-05,0.000141365344217,0.00142014166436,0.000101224978917,0.000528905130545,2.83807971679e-07,0.000562369919985,4.40884204723e-05,0.00152442202724,0.00037086617766,0.000104342310624,0.000745775507939,0.000380767287501,0.000722771624922,6.84088664614e-05,0.000141741874605,0.000523840066875,0.000249871116143
19,20,9.5,MAME20,0.000586448692083,0.000305738739392,0.000323642538049,0.00106049479188,0.000609267592228,0.00183288069582,0.000327467800691,0.00432121967595,1.08185750745e-05,0.000602762490701,0.000374420746525,0.00271524220457,0.000145686208186,0.00141823334262,0.00025111657537,0.00357454304963,0.000250968057095,0.00262557062346,0.000741192958211,0.000943914476843,3.24923253658e-06,0.00199678503579,3.87456491229e-05,0.00151497346038,0.000123950874597,0.0041603478127,0.000604420913173,0.00197439637864,0.000314035337132,0.000285884288324,0.00246129366776,0.00112265567967,0.00207324545657,0.000610616677116,0.00214825810365,5.25271216815e-05,0.00076409722858,0.0079843125641,0.000750295752078,0.000254608214104,0.000476167190777,0.00070525338574,0.000155930211081,0.00140770681579,5.09436734744e-05,0.00224451076788,0.000104262669999,0.00264509542848,0.000485166184717,9.00833535812e-05,0.000242909642337,0.000138700236313,0.000319369487711,0.0004847507594,0.00255536924909,0.00261222167593,0.000475723460828,0.00222102597454,0.000973099547776,0.00195077564093,0.000133143062463,2.93770125628e-05,0.00213423510434,0.000925352971911,0.000943685061838,9.78957443281e-05,0.000321713623604,0.00241742974945,0.000723447696688,1.70077754318e-05,0.000125898440203,3.6188147845e-07,0.000176358141624,7.51493331272e-05,0.00263343260437,0.000279875176102,8.16731321991e-05,0.00377714861716,0.00019414424495,1.44540667768e-07,0.0001623882026,2.78480059662e-05,0.000454490143677,0.000913523089965,0.00285969455415,0.000140089112133,2.8344207998e-05,0.000610809165863,2.82375133466e-05,0.000831110246658,0.000542405080185,0.0004871941049,0.000798154749618,0.00015560590609,0.000372328384888,0.00235716024171,0.00195947751288,0.000380912748258,7.41599378151e-06,8.20441388313e-05
20,21,10.0,MAME20,2.6318961003e-05,0.00361041207756,0.000375920520722,0.000384629337399,0.000387987866209,0.00063806781788,0.000108577559798,0.000426391991195,0.000130290301468,4.29266067137e-10,8.4101798454e-05,0.000556610527429,0.000232175272179,0.000737142320371,0.000118827811804,7.56992578076e-05,4.80352332466e-07,3.89991100053e-05,5.12657973295e-05,6.99687138863e-05,0.000304538433838,0.000452563688373,4.37113646945e-07,0.000448452065692,0.000105717548693,0.00212331777597,1.00723298188e-05,2.46562906506e-05,0.00274913499132,0.000293265692844,0.00247953751373,8.86591883247e-05,0.000817040901971,0.00475476655154,0.000175655620266,0.000840696244532,0.0012757509548,0.000139201428661,0.000417129031462,1.00686017328e-05,0.00154032064083,0.00085897951212,0.000102478711372,6.91339656922e-05,0.000532503666197,0.00082031434776,0.000148955069977,0.000257042603166,0.000779394167719,0.00100735102215,0.00108585582518,0.0016586558966,0.000631455335051,0.00284173726952,9.10217982879e-05,0.000178515522472,0.000103559631078,4.76881492566e-05,0.0014624834583,0.000417087609088,0.00183852453855,0.000202337182392,1.71385373614e-05,0.00020715774475,4.9323398352e-05,1.7437788129e-06,0.00219140771907,0.00520135096687,0.000732992035629,0.0015935480604,0.000514879950576,4.13153031183e-05,1.03722225476e-05,0.000513047636754,0.000477928075208,0.00161102572104,0.000127852735217,0.000588579307302,0.000934600048332,1.87724131638e-05,1.13024964505e-05,0.000791965860622,2.13211628012e-05,5.65278397323e-05,7.06850467354e-05,0.000863089457566,8.22886087903e-06,9.5676606079e-05,0.0005733039993,0.000163296522733,0.000383861156945,3.09913645387e-05,0.00231940051577,0.000206550747228,2.41250175453e-05,0.000869937992711,0.000726106278991,0.000300824160293,1.06098086919e-05,0.000786766235233
21,22,10.5,MAME20,8.88146638947e-05,0.00069122697992,0.000215261960298,3.73106230397e-05,1.40039751848e-05,0.000822834528508,0.000158412183977,0.000772335808351,0.00475791678971,1.05147916363e-06,7.53308656184e-05,0.000961902639338,0.000430169051103,4.05924756325e-05,0.00149816263218,2.77170586097e-05,0.000860752822729,0.00688318475119,6.172312318e-05,0.000139735227079,0.000985738734757,0.000180357668929,0.00482234439948,0.000309766451649,9.53341190026e-05,0.00122823001232,0.00117435507986,0.00120882227083,0.000127152995025,0.000590320717777,0.000340974779826,0.00194544547049,4.57779498864e-07,0.000463915214812,0.00059173366051,9.00517750035e-07,0.000278720710072,9.68276737382e-05,1.23088663961e-06,0.00119048824927,0.00623360222075,0.0004315809111,0.00401584545966,0.000325520841193,5.66963192732e-05,0.000566756868011,0.00442317394943,0.000383640271249,3.99156487357e-05,0.000199214887193,0.000433019820633,0.000708592242195,3.90615856682e-06,0.00136245977706,4.47099507662e-05,6.31527877326e-07,0.00585757692448,0.00235075627628,8.14213789413e-06,4.51192098537e-05,0.00104949990616,0.000164186720352,0.00288897762597,0.000147052916252,0.000322069459036,0.000702024005539,0.000365237061948,0.000349387631726,1.05200335377e-05,0.000227111052589,1.53944674008e-07,0.000618696358377,0.00379070951211,0.000452893847935,0.000513555675614,0.00309916517627,0.000656022453871,0.00216293064437,2.54664664184e-05,0.000383868942464,0.00182054597877,0.000509596654021,0.00250498466467,4.61194559687e-06,5.83546666488e-05,0.00114038955632,0.000662788971722,0.000646822870607,0.00196414319175,9.52830311729e-05,6.64791906935e-06,0.000333760201975,0.00126591038543,0.00031568308919,0.000425526858652,0.000334157736784,4.65307750163e-05,1.75970737012e-05,0.000410204929701,0.000274604653658
22,23,11.0,MAME20,0.000867965827297,1.16933941263e-06,0.00650743904806,0.000779418173372,7.97026884869e-06,0.00135689274559,0.000548400335017,0.000864860813868,0.000539424695007,2.587507961e-05,0.000249266233242,1.76534549502e-05,0.00102065078728,0.00179848041812,7.7812300715e-06,0.00221836122448,5.2476145822e-06,0.000331094697106,0.000669828459612,0.00238018766169,0.00326807768897,0.00333274166816,0.00495266905388,0.000155797575587,0.00178435936347,6.96437479242e-07,0.00158350198563,0.000967492866996,9.36298804111e-06,8.63014667396e-07,0.000588555194944,0.000689438843786,0.000249699814591,0.000424952042054,0.000453566263362,7.28200817347e-05,0.000573408187199,0.000461871653255,0.000748050288018,0.0051922486018,0.00162304555316,0.00256694184547,0.00075641018813,0.00369740889873,0.000141155683543,0.00041843177271,0.00191142290907,0.000244568475794,0.000208014418956,3.60253281173e-06,0.00104748792881,0.000422337857416,4.87015774331e-05,0.000925722361197,1.49990936271e-06,0.00169089137484,0.000272165308485,2.74301568238e-05,0.00599519316504,0.000874707473645,9.20510535328e-05,0.000185295595251,2.38049675675e-05,2.45429066976e-05,0.00103828163392,0.00232734599203,1.37580477652e-05,0.000307680886058,0.000469867362409,0.000191717266688,6.27824956578e-07,0.00445892336461,0.00192150582223,0.000209574167639,0.00394380640474,0.00388663694082,7.13004304047e-05,0.000720030634293,0.000561731205981,3.02830148592e-05,0.00152211564358,0.0026852346785,0.000291139089523,6.25066229231e-05,0.000188629211055,0.000103537411132,1.05540790042e-05,0.000334815347849,0.000881968377418,3.89608439832e-06,1.39805834052e-05,0.00015856456705,9.81664218732e-05,2.68336930498e-06,0.000157824090635,0.000389853774069,0.00669262207392,0.00439071052022,0.000291320996696,0.00149415411665
23,24,11.5,MAME20,0.000853711154219,0.00023027905262,6.80300321598e-06,0.000119501756502,0.000423232480205,6.93943259689e-06,0.00227844740748,0.000166259151134,0.000594426385199,0.000125691370687,0.00220351758347,0.000451835630112,0.000876201094001,0.00308611027933,0.000193025925479,0.000705424306792,0.000569244499634,0.000453914926969,0.000254994813746,0.000413219242982,2.71430706933e-06,0.000558105823715,0.000765395952559,2.74600212963e-05,0.00219073054265,0.000113345871999,0.000165988374527,0.00038448122498,0.00012593402847,3.19721244697e-05,0.000112893505905,0.00136053637507,0.00140988764812,1.9305191766e-05,0.000414931023568,1.7717313221e-05,0.0014517352309,0.00200107577887,0.0010944967063,2.10065234927e-05,1.52593151838e-05,0.000496730526901,0.000193432123154,6.54541724154e-08,9.37794937645e-05,0.000652131884677,0.00162803597589,5.40396592982e-05,0.000217503755081,0.0021934770007,0.00105265180449,2.18466209497e-05,0.000352829006104,8.7739687508e-05,2.74748118425e-05,0.000647042888631,0.00118305834037,1.350162942e-06,0.000128303677642,0.000225583048595,2.32216423001e-05,0.000179876206456,0.00396028395871,1.68010670795e-05,0.00182677297359,0.00222686042234,0.00105105520125,4.27796772091e-05,0.00140691664377,0.00413207481963,0.000747847155514,0.000151950231727,0.00387548991887,3.6021319901e-05,0.000142880699026,0.000197182625095,0.00116457559785,0.0001137694428,0.00247861848877,4.81745536366e-05,0.00055363392001,1.38865431313e-05,0.00250806763029,0.000319528206412,0.00166251977127,0.0007843015336,2.41628034359e-07,0.00241272532734,8.41795607629e-05,0.00104189124049,0.000716785576835,9.51903358295e-05,0.000505488270266,4.57516029573e-06,0.000971102429966,6.96183926838e-05,0.000293104748746,0.00128429409619,0.000216047383198,0.00028986108617
24,25,12.0,MAME20,0.0020626779645,0.00155900715643,1.84697707444e-05,0.0011574182367,0.00292395934382,9.63862954525e-05,7.88084533222e-05,0.000315860215318,5.75653907064e-06,0.00161436200852,0.0013196403715,2.32517523513e-06,0.00110665076554,0.000167164430929,6.61056114126e-06,0.000109534550913,0.000128880135439,0.000234376640038,0.000367275698854,1.45806037889e-05,0.000886522663569,8.13234152308e-06,0.00182398679534,0.000256739675397,0.000212810676667,0.000148083650293,0.00145786919261,0.00858447275266,0.000131050299376,0.000165849246822,0.00308445846647,0.00228555171326,0.00104415493384,0.000735990938199,0.00215058635607,0.000748670092052,0.00568182401283,0.000307974584816,0.00535273969827,0.000431434134122,0.000536039336012,0.000123158724973,7.70599835876e-05,0.000689552443479,0.000520998871428,0.000191126841565,0.000242387315898,0.00138105386281,2.2460356888e-05,0.000199080283787,0.00250170649855,0.00199301489254,0.000194309575136,0.00224530040897,0.000317524314862,0.0069481553307,0.00145874500128,0.000131089671738,9.81071041994e-06,0.000261820238732,4.49667427378e-05,0.000976679369627,4.79546215111e-05,0.00484397650185,0.00100046642029,5.75303728203e-05,0.000143226053453,0.00113297516595,5.43221315186e-06,5.69603079746e-05,0.00118001884418,0.0017318822754,0.00129322928233,0.00316842591582,0.00153611301771,0.000306354991153,0.000865448477499,0.00196214489896,0.000112956171376,0.00355617927809,0.000209688944056,0.00275342462321,0.000146917877889,0.00206781057285,0.00108738607262,0.000275798081925,0.0026509389879,5.71650659353e-06,0.000584444396836,0.00880819578152,0.00323385449313,0.00356836140783,0.00119376814293,6.95073771554e-05,8.65306834945e-05,0.000295283038755,0.000152736620258,0.00120698460138,0.00284248197859,0.000199171774378
25,26,12.5,MAME20,4.86231494966e-05,7.20905918169e-05,3.75854317471e-05,0.000479269617854,0.000169836711461,3.78358938671e-05,0.000936388645528,5.31452955911e-05,0.000682381558235,0.000104507764193,0.000784583244437,0.000274259439998,6.58422251946e-05,5.56365091801e-05,9.06705280528e-05,0.000117219759738,0.00166384120606,1.82035407759e-06,0.000554311652667,0.000235811826829,0.00180294776623,0.00276821924874,1.74325701462e-05,8.28733675056e-05,2.93514625483e-05,5.56756362124e-08,0.000824840046739,2.08740829899e-06,0.00102159314976,0.000288421756134,3.80896115117e-05,0.00280189142843,0.00758562246479,0.000585087667189,0.000396264920439,0.000246793832556,0.00311445692849,0.00259870510613,0.000610815632444,0.00175372006962,0.00275364324709,0.000115231611717,0.000287377334102,0.0051046031472,0.00022311192328,0.000469983758573,0.000317385003789,0.00131685824329,0.000415326548279,1.02759532535e-05,0.000162940821587,0.00128651468856,0.000906346836843,0.00040548705904,0.00194626090919,5.83761377687e-05,8.1431989523e-05,8.98663001896e-05,0.00171543918232,0.00048772102066,9.80566228548e-07,0.00102536743225,2.02959990964e-05,0.000132900596921,0.00105308835187,0.00934956556327,9.58344642348e-05,2.07901830218e-05,0.00460566843862,0.000371543929779,0.000115731831544,5.10600434593e-05,0.00266937290997,0.00163593247807,0.000188529982242,0.000566887534157,0.00113538301464,0.001781401061,0.00174250581922,0.00163763416627,0.00108042075041,3.87124836405e-05,0.000212113387792,0.000105573400785,0.000371374807306,0.000212875312351,0.00216182808585,0.00171508400812,0.000385038975669,0.000233758204645,0.000628838573422,0.00160225091925,0.00104021655441,0.000537705268051,3.89837899969e-05,0.00266668632037,0.00153616343777,8.58491498779e-07,0.000103359215954,0.00275608173051
26,27,13.0,MAME20,0.000194802400146,1.25088680988e-05,0.000687255156188,0.000365877538885,0.000642424163489,0.000477804535173,0.000543138741888,0.000394742691075,0.00568708094305,0.000153823304367,0.00016852875729,0.00032309502366,0.00199364328818,0.00515797846419,0.00012537466997,4.86155407275e-06,0.00401609067501,2.39548848786e-05,3.79591751861e-05,0.000492269942113,0.000421597639955,5.25931903905e-06,0.000826422352845,2.93948159905e-05,0.000315582940787,9.49986341655e-05,0.00205368799394,0.000174275827982,0.000819469104534,4.9373926629e-05,4.31724295535e-05,0.000207829847349,0.000115655036731,0.000147829569933,0.00243336074602,1.76378130823e-05,0.0021105220989,6.94800069989e-06,0.00346922238058,0.000450932191657,0.00227537948961,0.00024093980295,0.000479494576756,0.00145054703233,0.000884835146786,0.000155275697188,0.00256566798858,0.0006364730676,0.000191056904712,1.78873174168e-05,1.60447697239e-06,0.000590242169105,9.75112192894e-05,0.000979183423367,0.000173051319669,4.55952217275e-05,0.000269946637018,0.000493244322194,2.03639512564e-06,0.000736746523847,0.00152655063751,0.000256862326217,4.5902494261e-05,0.0029229188334,0.000450546145031,0.000929726777466,0.000862264109189,0.00239617673197,0.000186023286472,0.0128492442283,0.000845687441577,0.00130766414449,0.00112299073546,0.000818913284887,3.2301501125e-06,0.0006547382773,0.000127300551721,0.00408997450967,0.00411179458612,0.00254331621619,0.00164837702167,9.57062053411e-05,0.00264986326202,0.00208813712473,0.000116784620392,2.17461419727e-06,0.00281510644867,0.000617214945079,0.000842060447084,0.000353879461975,0.00143947356979,0.000695273845221,0.000761187137417,0.000719541154665,0.000674446727324,0.000751677223313,0.000726179002631,6.89465141233e-05,0.0046624031392,0.000568781273296
27,28,13.5,MAME20,0.000186815717735,0.000379261941956,3.54260391849e-05,9.13147794812e-06,0.000422883542773,0.000309567671438,0.00387327271757,0.00136464072214,0.000270406027901,0.00104616546125,0.000472943182425,0.00135893877149,0.000734550674441,0.0013040906005,0.00596812299897,0.00178791305789,0.000389924941543,0.00319299223577,0.000280804703181,0.000112674639976,0.000655476109602,0.00165640994059,6.70041664586e-06,0.000195215662551,5.51303180208e-05,0.00218851945146,0.00160717325657,0.000124749357641,8.9173227768e-05,0.00622568754953,0.000303899988306,0.00167186882794,0.00268171606612,0.000527878767433,0.000319269467907,0.00108981829794,3.72277310143e-05,0.000532006687543,2.5206220539e-05,0.00408652653002,1.64899847958e-05,0.006368660866,0.000107624452661,0.000147307280591,0.0002087859702,0.000137708004175,0.000868720417109,0.000375921440249,1.64989412685e-05,0.000187916643833,0.000794432563393,8.66108067032e-06,0.000167753411327,1.6045278417e-07,9.3183622406e-05,0.00301460281141,0.000137123550013,3.99779832303e-05,0.000458668884245,1.05299174338e-05,2.16762220071e-05,2.80041770465e-05,0.00117652862569,0.000255337182214,0.000816738744427,0.00536415652392,0.00197474116056,0.000280668023037,0.00276317569657,0.000209968030827,0.0010602798568,0.000169008115196,0.000588356361421,0.00188302833695,0.000927971084585,0.00367624923313,0.000265630014075,5.58476779445e-05,6.61516152309e-05,0.000599968706887,0.00577861758688,6.00763196582e-05,1.27882784507e-05,1.10031073873e-05,3.18745039625e-05,0.000274134361871,0.000735117527314,0.000613441529876,0.00026255766074,0.000600955779529,0.000788696844778,5.38231230476e-05,0.00160927436855,0.00052503205535,0.000316694768682,0.000468301411037,0.000395605125249,9.90234167011e-05,0.000240146402245,0.00383130257677
28,29,14.0,MAME20,0.000819972911203,0.00293632345508,0.00082499609737,4.04802584952e-06,0.000296547806216,4.91793037672e-05,0.000317015884092,0.000526126114412,8.90771883177e-06,0.000908280180298,0.000981653399676,0.00112319701345,0.00193402115111,8.42733380838e-05,0.000871797764591,0.00107871206319,0.00121201434558,0.000320905549344,0.000753249920511,0.000528461091438,0.000405001438191,9.23034072133e-05,0.000179518632835,0.00430517292969,0.000978232914205,0.000921214639444,0.00107154031475,0.000460353295543,2.71226287901e-05,0.000716695377694,0.00318480885347,0.00041521750011,0.00089580018728,7.06624691678e-05,0.000670934512557,7.12136857151e-07,0.000687272439803,0.00135921726419,0.00120487760864,6.87231797036e-05,0.00351839068209,0.000987698143156,4.79150237439e-05,0.00391223796171,9.4237031266e-05,1.17280291297e-05,0.00388720208598,0.000151235367487,4.01002355982e-05,0.00189293718301,0.00103409479299,0.0007704517822,0.00318883282751,2.44918440839e-06,0.000278117870213,0.000401498329104,0.000155350570095,5.86114063149e-05,0.00188092159287,0.00052692892629,0.000383288045642,0.00120763333874,0.00176273800937,3.60185574637e-05,0.00484353288535,0.00441632237229,0.000421179181917,4.30562824553e-05,8.11213902217e-05,0.00252599673471,0.00083677175262,0.0010270996034,0.00076308450162,0.000386202833982,0.000503170583444,0.00384938769161,0.000407529573809,0.00331880546006,1.06109856512e-05,0.000804164251739,1.01343249903e-07,0.00140194598363,0.000470611450906,0.000319476513805,0.000242717441205,0.00324578700078,0.00156764869539,0.000700724702948,0.00258474441362,0.00382137203103,0.00281764461187,0.00123919768537,0.000353418819865,6.0611790351e-05,7.18575256754e-05,0.000500455868601,7.42317041267e-05,0.000146554972326,2.81138662128e-07,0.00343605819546
29,30,14.5,MAME20,0.000278885994476,0.0017073672548,0.000473780351984,0.00336579073592,0.00157231072941,0.000228483046584,0.000628477554714,8.79670294385e-07,3.92278948205e-05,0.00503422778078,0.000479784374378,0.000276737686145,0.00330097719758,0.00454351052008,0.000477856664271,9.06321929021e-05,0.00819230471922,0.000992587449847,0.000433597801658,0.00260582918549,0.000138133960401,0.000118342788127,0.000525070532398,3.16398136446e-06,0.000526395140301,0.00118323957548,0.0014295706695,1.31066378357e-05,0.000712054071614,3.56019096875e-05,0.00586137826934,0.0006818737502,0.0155493546323,6.72818781344e-06,0.000718737738858,0.000295025327756,0.00121604136488,0.000388081627444,0.00309313595726,0.000397202964274,0.00811628214991,0.000411352831734,0.00559965189728,0.000441851093625,0.000218185957222,0.000798875806092,6.07533415797e-08,0.000878275426815,0.0022022459639,0.00149939597986,0.000303236909469,0.000138107779559,0.000300285421377,0.00409780502087,0.00118901107641,1.3840559161e-06,1.03282561112e-05,0.0089374433912,0.000154123021518,0.000221602547897,0.00165270688395,0.000156389135903,0.000951716166968,0.0014885410638,0.000340367598262,0.000941373061972,0.00443321834338,0.000375703434961,5.71140849058e-05,2.93397569776e-05,0.00014937834747,0.000319474626155,0.00016134080984,1.16158785365e-05,0.000112172894168,3.2670435441e-05,0.000564304342983,0.000184793411901,0.00029610067051,0.00251241930138,0.00092641977995,0.00297799992736,0.00133012374796,4.00387616336e-05,0.00287177328211,0.000416687630765,0.000274911093482,0.00155181187424,0.000244813936626,0.000452887701077,1.91151232046e-05,0.000583511870639,0.000478724024952,3.07797945122e-05,0.00115086136348,0.000478879280327,0.000765208868755,0.000304322226744,0.000793808991875,0.00269720977837
30,31,15.0,MAME20,0.000492950931218,0.00265973061846,5.5086551045e-05,2.3096765396e-05,0.00313455731306,9.75194630479e-05,0.000418985495103,5.42439029617e-05,0.00158624154652,4.18589204018e-05,6.62814021775e-05,7.09727083392e-06,0.000919222067737,5.29747342491e-05,3.6265648895e-07,0.000599302991347,0.000440321468112,0.000493470143632,0.001107865229,0.0025408977797,0.00135621083844,0.000620761268944,0.000344267340845,1.77112898158e-05,0.000109649153379,0.00342739557981,0.00212764531814,0.00179746217163,0.00296365915852,0.000131794664476,1.1172787584e-08,2.39551752956e-06,0.00187063903526,0.000457667007477,0.000234632352741,0.000331531145491,0.000500629916182,1.26965888244e-05,0.0018288321464,0.0021159976529,6.15025059844e-05,0.00198915607572,1.81913573094e-09,1.40568245821e-07,0.000975801535544,0.001115283493,1.44689341841e-06,0.00109580203448,0.000260045282907,8.48868736708e-05,2.10508028254e-05,0.000225512450228,6.78202601765e-05,0.000107405431964,0.000114017569582,0.000494466805126,0.000140445822704,0.000863818512414,0.000650760848787,0.000680182742947,0.00039028977163,0.000118080301615,1.18162484796e-05,0.00184082715707,0.00753780544742,2.1750431949e-05,0.000106178023307,5.08456432069e-06,0.00078104953775,2.486054552e-06,0.000716673018321,0.000994141079271,0.0046762274059,0.000106250096378,0.00044104626055,1.71368557416e-05,0.00129653510156,0.000428777872939,9.51294380602e-07,0.000787807486055,9.08840171874e-05,8.66765111079e-05,6.19994389539e-05,0.000204934419002,0.00457957744457,0.000119407442271,4.83766369352e-06,9.70731914257e-05,0.000245604397731,0.000342943550424,0.00134823495549,0.000919265549739,0.000698462113399,0.000329889495594,0.000277483160002,0.00093685970398,7.37676630876e-05,7.86343529317e-05,3.62122567364e-05,0.000699091028509
