"","slidedFather","slidedMother","slidedPatient","slidedTherapist","video","frame_index"
"1",NA,0.01152017,0.0013870308,0.003840594,"F1044O2",1
"2",NA,0.007155864,0.00121434802,0.004256282,"F1044O2",2
"3",NA,0.0033425176,0.00101938362,0.004256282,"F1044O2",3
"4",NA,0.001629519,0.00071301162,0.004111694,"F1044O2",4
"5",NA,0.0008047422,0.00010026742,0.00387674,"F1044O2",5
"6",NA,0.00065114,0.00012811942,0.004373758,"F1044O2",6
"7",NA,0.0004841804,0.0001169786,0.004193024,"F1044O2",7
"8",NA,0.0005075546,0.00012811942,0.004111694,"F1044O2",8
"9",NA,0.0005609814,0.00013926024,0.004644858,"F1044O2",9
"10",NA,0.0008948982,6.127444e-05,0.004328574,"F1044O2",10
"11",NA,0.0014892724,3.342244e-05,0.004301464,"F1044O2",11
"12",NA,0.001759746,2.785204e-05,0.00428339,"F1044O2",12
"13",NA,0.0019767922,2.228162e-05,0.003686968,"F1044O2",13
"14",NA,0.00308206,2.228162e-05,0.003488162,"F1044O2",14
"15",NA,0.004831792,2.228162e-05,0.003786372,"F1044O2",15
"16",NA,0.006948836,2.228162e-05,0.003587566,"F1044O2",16
"17",NA,0.009226148,2.785202e-05,0.003424906,"F1044O2",17
"18",NA,0.010695386,3.342244e-05,0.003831556,"F1044O2",18
"19",NA,0.010571836,2.228162e-05,0.003307428,"F1044O2",19
"20",NA,0.008875532,2.785202e-05,0.003461052,"F1044O2",20
"21",NA,0.006327734,2.228162e-05,0.003714078,"F1044O2",21
"22",NA,0.003943568,1.671122e-05,0.003786372,"F1044O2",22
"23",NA,0.0022706406,5.5704e-06,0.004111694,"F1044O2",23
"24",NA,0.0012021042,4.45632e-05,0.004111694,"F1044O2",24
"25",NA,0.0008481512,0.0002005346,0.003705042,"F1044O2",25
"26",NA,0.0010919112,0.000206105,0.003696006,"F1044O2",26
"27",NA,0.0010651972,0.000206105,0.004057474,"F1044O2",27
"28",NA,0.0010318054,0.0002116754,0.003551418,"F1044O2",28
"29",NA,0.0011086066,0.000178253,0.004084582,"F1044O2",29
"30",NA,0.0011086066,1.67112e-05,0.00428339,"F1044O2",30
"31",NA,0.0009049166,1.11408e-05,0.003949032,"F1044O2",31
"32",NA,0.0011720506,1.11408e-05,0.003768298,"F1044O2",32
"33",NA,0.0014692378,1.11408e-05,0.004138804,"F1044O2",33
"34",NA,0.001759747,1.11408e-05,0.003949034,"F1044O2",34
"35",NA,0.002013524,2.228162e-05,0.004283392,"F1044O2",35
"36",NA,0.002036898,3.342244e-05,0.00426532,"F1044O2",36
"37",NA,0.002006846,3.342244e-05,0.00415688,"F1044O2",37
"38",NA,0.0016662496,2.785204e-05,0.004364722,"F1044O2",38
"39",NA,0.001332331,3.342246e-05,0.004554492,"F1044O2",39
"40",NA,0.001489273,2.228164e-05,0.004274354,"F1044O2",40
"41",NA,0.002063611,1.114082e-05,0.004735224,"F1044O2",41
"42",NA,0.002694715,1.671122e-05,0.004915956,"F1044O2",42
"43",NA,0.0039836374,1.671122e-05,0.004509306,"F1044O2",43
"44",NA,0.005469572,1.11408e-05,0.004491234,"F1044O2",44
"45",NA,0.005663244,1.11408e-05,0.004825592,"F1044O2",45
"46",NA,0.005038818,1.11408e-05,0.004446052,"F1044O2",46
"47",NA,0.004163954,1.671122e-05,0.004789448,"F1044O2",47
"48",NA,0.003212288,2.228162e-05,0.004717154,"F1044O2",48
"49",NA,0.002450954,1.671122e-05,0.004084584,"F1044O2",49
"50",NA,0.002317386,1.671122e-05,0.003858666,"F1044O2",50
"51",NA,0.002330742,2.228162e-05,0.00409362,"F1044O2",51
"52",NA,0.0022138712,1.11408e-05,0.003542382,"F1044O2",52
"53",NA,0.0019500766,5.5704e-06,0.003650822,"F1044O2",53
"54",NA,0.0014558786,5.5704e-06,0.0040394,"F1044O2",54
"55",NA,0.000934968,1.11408e-05,0.00360564,"F1044O2",55
"56",NA,0.000998414,1.11408e-05,0.003298392,"F1044O2",56
"57",NA,0.0013223148,2.228162e-05,0.003379722,"F1044O2",57
"58",NA,0.0014158114,2.228162e-05,0.003180916,"F1044O2",58
"59",NA,0.0013056194,2.228162e-05,0.003217064,"F1044O2",59
"60",NA,0.0013323328,1.671122e-05,0.00325321,"F1044O2",60
"61",NA,0.00117873,1.114082e-05,0.0032261,"F1044O2",61
"62",NA,0.0009717,0,0.00365986,"F1044O2",62
"63",NA,0.000888221,5.5704e-06,0.003921924,"F1044O2",63
"64",NA,0.0007546538,2.228162e-05,0.003732152,"F1044O2",64
"65",NA,0.0006678352,3.342244e-05,0.00422917,"F1044O2",65
"66",NA,0.00050087636,0.00019496424,0.004708114,"F1044O2",66
"67",NA,0.00028716936,0.00019496424,0.00425628,"F1044O2",67
"68",NA,0.00025377756,0.00019496424,0.004400866,"F1044O2",68
"69",NA,0.00037064876,0.00018939384,0.004943068,"F1044O2",69
"70",NA,0.00082477656,0.00017825302,0.004590636,"F1044O2",70
"71",NA,0.0015159862,1.671122e-05,0.00479848,"F1044O2",71
"72",NA,0.0020736292,1.671122e-05,0.00466293,"F1044O2",72
"73",NA,0.002621254,2.785204e-05,0.004102656,"F1044O2",73
"74",NA,0.003402622,5.570402e-05,0.00398518,"F1044O2",74
"75",NA,0.004197346,5.570402e-05,0.004102658,"F1044O2",75
"76",NA,0.00458469,7.241524e-05,0.00357853,"F1044O2",76
"77",NA,0.004614742,7.241524e-05,0.003858666,"F1044O2",77
"78",NA,0.004187328,6.127442e-05,0.00425628,"F1044O2",78
"79",NA,0.00356958,2.228162e-05,0.003985178,"F1044O2",79
"80",NA,0.002744804,2.228162e-05,0.004066508,"F1044O2",80
"81",NA,0.0016862854,1.11408e-05,0.003930958,"F1044O2",81
"82",NA,0.00108857294,3.89928e-05,0.003659858,"F1044O2",82
"83",NA,0.00086150848,0.0003397944,0.003614674,"F1044O2",83
"84",NA,0.00051757284,0.0010082444,0.003452014,"F1044O2",84
"85",NA,0.00018699384,0.0022671564,0.00327128,"F1044O2",85
"86",NA,0.00026713404,0.003960562,0.004075546,"F1044O2",86
"87",NA,0.0003339175,0.004851828,0.0043105,"F1044O2",87
"88",NA,0.00083479396,0.00515263,0.004319538,"F1044O2",88
"89",NA,0.0016428756,0.005353164,0.004852702,"F1044O2",89
"90",NA,0.0025511326,0.005074644,0.004961142,"F1044O2",90
"91",NA,0.003726523,0.003565062,0.004518344,"F1044O2",91
"92",NA,0.00511562,0.003097148,0.00452738,"F1044O2",92
"93",NA,0.00613407,0.002612523,0.004644856,"F1044O2",93
"94",NA,0.006808582,0.00176025022,0.004147838,"F1044O2",94
"95",NA,0.006801902,0.00086341442,0.004409902,"F1044O2",95
"96",NA,0.005980464,0.00068516124,0.004075544,"F1044O2",96
"97",NA,0.004754986,0.00028409084,0.003632748,"F1044O2",97
"98",NA,0.003566238,0.00019496424,0.003714078,"F1044O2",98
"99",NA,0.0022405856,0.00018382342,0.004156876,"F1044O2",99
"100",NA,0.0013490262,0.00011697844,0.003786372,"F1044O2",100
"101",NA,0.0009483254,0.00016154162,0.004111692,"F1044O2",101
"102",NA,0.0007412972,0.00012254884,0.004455086,"F1044O2",102
"103",NA,0.000530929,0.00023395704,0.004165912,"F1044O2",103
"104",NA,0.0005042156,0.00041778064,0.003795408,"F1044O2",104
"105",NA,0.0003906836,0.00084670142,0.003587564,"F1044O2",105
"106",NA,0.0003506134,0.00110851142,0.003442978,"F1044O2",106
"107",NA,0.0004507886,0.0013758906,0.003840592,"F1044O2",107
"108",NA,0.0004107186,0.001682264,0.003813482,"F1044O2",108
"109",NA,0.0004507888,0.001977496,0.003732152,"F1044O2",109
"110",NA,0.0004841806,0.001598709,0.004220134,"F1044O2",110
"111",NA,0.0004875198,0.0013926032,0.004373758,"F1044O2",111
"112",NA,0.0004841806,0.0013647512,0.003885776,"F1044O2",112
"113",NA,0.0005242506,0.0015485732,0.003921924,"F1044O2",113
"114",NA,0.0003606309,0.0011085104,0.004310502,"F1044O2",114
"115",NA,0.0004107185,0.001225489,0.004193024,"F1044O2",115
"116",NA,0.0006144083,0.0016432688,0.003939996,"F1044O2",116
"117",NA,0.0005275897,0.0014872978,0.003614676,"F1044O2",117
"118",NA,0.00040737944,0.0012923338,0.003461052,"F1044O2",118
"119",NA,0.00042073614,0.0019719246,0.003217062,"F1044O2",119
"120",NA,0.0003138825,0.002372995,0.002891742,"F1044O2",120
"121",NA,0.0001435845,0.002334003,0.002692936,"F1044O2",121
"122",NA,0.0001936723,0.002590242,0.003578532,"F1044O2",122
"123",NA,0.00020035064,0.002406418,0.004012292,"F1044O2",123
"124",NA,0.00022038564,0.001999778,0.003894814,"F1044O2",124
"125",NA,0.00109858928,0.001687834,0.004274354,"F1044O2",125
"126",NA,0.00304198328,0.0013034758,0.004952104,"F1044O2",126
"127",NA,0.00578010628,0.0010918,0.004464122,"F1044O2",127
"128",NA,0.0085616504,0.001286766,0.004337608,"F1044O2",128
"129",NA,0.010591862,0.001710116,0.004563526,"F1044O2",129
"130",NA,0.0102713,0.002562388,0.00420206,"F1044O2",130
"131",NA,0.00880207,0.0037488862,0.003967106,"F1044O2",131
"132",NA,0.006508058,0.00474042,0.003786372,"F1044O2",132
"133",NA,0.004020362,0.00528632,0.003488162,"F1044O2",133
"134",NA,0.002404208,0.00582665,0.003967106,"F1044O2",134
"135",NA,0.002297356,0.006166446,0.004057472,"F1044O2",135
"136",NA,0.0018832972,0.005759806,0.003759262,"F1044O2",136
"137",NA,0.0015527172,0.00583222,0.004111694,"F1044O2",137
"138",NA,0.001352366,0.0051582,0.004328574,"F1044O2",138
"139",NA,0.000928291,0.0040051254,0.003406832,"F1044O2",139
"140",NA,0.0005543024,0.0027183606,0.003840594,"F1044O2",140
"141",NA,0.0006377812,0.0024008466,0.004030364,"F1044O2",141
"142",NA,0.0008748632,0.0030414446,0.003723116,"F1044O2",142
"143",NA,0.0009383076,0.0048574006,0.003894814,"F1044O2",143
"144",NA,0.0009149333,0.0065508052,0.004274354,"F1044O2",144
"145",NA,0.0008548281,0.007631464,0.003705042,"F1044O2",145
"146",NA,0.0006978873,0.007637034,0.003885776,"F1044O2",146
"147",NA,0.0003038649,0.006016044,0.004156876,"F1044O2",147
"148",NA,0.0003773277,0.004283644,0.004057472,"F1044O2",148
"149",NA,0.000774689,0.003598484,0.00425628,"F1044O2",149
"150",NA,0.0013056188,0.005258472,0.004427976,"F1044O2",150
"151",NA,0.0023607996,0.00907978,0.003885776,"F1044O2",151
"152",NA,0.003880126,0.014109864,0.004003254,"F1044O2",152
"153",NA,0.004972036,0.019039684,0.004003254,"F1044O2",153
"154",NA,0.005559732,0.02420902,0.003750226,"F1044O2",154
"155",NA,0.005459556,0.02890488,0.003587566,"F1044O2",155
"156",NA,0.00458469,0.03234182,0.003967106,"F1044O2",156
"157",NA,0.003576258,0.03461454,0.003524308,"F1044O2",157
"158",NA,0.003462726,0.03673128,0.003650822,"F1044O2",158
"159",NA,0.004407712,0.03788992,0.004030364,"F1044O2",159
"160",NA,0.006798564,0.03912654,0.004427978,"F1044O2",160
"161",NA,0.00900576,0.0452317,0.004708116,"F1044O2",161
"162",NA,0.010565158,0.05500778,0.005042472,"F1044O2",162
"163",NA,0.01063528,0.06394272,0.004816554,"F1044O2",163
"164",NA,0.009189418,0.07101158,0.004726186,"F1044O2",164
"165",NA,0.006548128,0.07563502,0.00455449,"F1044O2",165
"166",NA,0.004407716,0.07450424,0.004165912,"F1044O2",166
"167",NA,0.0024242422,0.06872214,0.0043105,"F1044O2",167
"168",NA,0.0012789052,0.06133578,0.004238208,"F1044O2",168
"169",NA,0.0010251272,0.05211676,0.003677934,"F1044O2",169
"170",NA,0.0010518412,0.04308156,0.0037683,"F1044O2",170
"171",NA,0.0010184492,0.0330771,0.004075548,"F1044O2",171
"172",NA,0.001272227,0.02356284,0.00371408,"F1044O2",172
"173",NA,0.00145922,0.01604279,0.003894812,"F1044O2",173
"174",NA,0.001432506,0.012728388,0.004066508,"F1044O2",174
"175",NA,0.0013122948,0.010745328,0.00348816,"F1044O2",175
"176",NA,0.0011787284,0.010388808,0.003768296,"F1044O2",176
"177",NA,0.000874863,0.009302586,0.00370504,"F1044O2",177
"178",NA,0.0006644958,0.009375,0.00346105,"F1044O2",178
"179",NA,0.0005776776,0.009157754,0.003759262,"F1044O2",179
"180",NA,0.0005776776,0.007213672,0.00417495,"F1044O2",180
"181",NA,0.000510894,0.005208334,0.003271282,"F1044O2",181
"182",NA,0.0004674846,0.00555927,0.003614676,"F1044O2",182
"183",NA,0.00034727416,0.005119208,0.00406651,"F1044O2",183
"184",NA,0.00023040306,0.004734848,0.003569492,"F1044O2",184
"185",NA,0.00013690614,0.00645611,0.003723116,"F1044O2",185
"186",NA,0.00012354934,0.008171788,0.004111694,"F1044O2",186
"187",NA,0.00015026294,0.00887366,0.003668896,"F1044O2",187
"188",NA,0.00019367218,0.009932038,0.003424906,"F1044O2",188
"189",NA,0.00018031548,0.010243982,0.003479126,"F1044O2",189
"190",NA,0.0001636196,0.008572854,0.003298392,"F1044O2",190
"191",NA,0.00012688876,0.007397506,0.003641786,"F1044O2",191
"192",NA,6.67835e-05,0.006211008,0.003804446,"F1044O2",192
"193",NA,3.339178e-05,0.005035652,0.003442978,"F1044O2",193
"194",NA,4.340932e-05,0.004161098,0.003768298,"F1044O2",194
"195",NA,5.008768e-05,0.0037823096,0.004057472,"F1044O2",195
"196",NA,6.344432e-05,0.0030637276,0.00351527,"F1044O2",196
"197",NA,5.676596e-05,0.0028631936,0.00373215,"F1044O2",197
"198",NA,4.007008e-05,0.0025289676,0.003958068,"F1044O2",198
"199",NA,3.339172e-05,0.0033812396,0.00346105,"F1044O2",199
"200",NA,4.007006e-05,0.006723476,0.00373215,"F1044O2",200
"201",NA,4.007006e-05,0.010929126,0.0038677,"F1044O2",201
"202",NA,5.008758e-05,0.013424672,0.00340683,"F1044O2",202
"203",NA,7.680098e-05,0.013430244,0.003578526,"F1044O2",203
"204",NA,0.000116871,0.012037642,0.003958068,"F1044O2",204
"205",NA,0.0001569411,0.009280298,0.00324417,"F1044O2",205
"206",NA,0.0001769763,0.005470146,0.003442978,"F1044O2",206
"207",NA,0.0001769763,0.002768494,0.00409362,"F1044O2",207
"208",NA,0.0001636196,0.002334002,0.00384963,"F1044O2",208
"209",NA,0.0001569414,0.002473262,0.00401229,"F1044O2",209
"210",NA,0.000166959,0.002083334,0.004328574,"F1044O2",210
"211",NA,0.000166959,0.001771392,0.00387674,"F1044O2",211
"212",NA,0.0001970115,0.002785206,0.003858666,"F1044O2",212
"213",NA,0.0001970115,0.005108068,0.003858666,"F1044O2",213
"214",NA,0.0001602805,0.008751116,0.003858666,"F1044O2",214
"215",NA,0.00010017528,0.012299468,0.00390385,"F1044O2",215
"216",NA,9.015768e-05,0.016449422,0.00417495,"F1044O2",216
"217",NA,6.678348e-05,0.02190842,0.003506236,"F1044O2",217
"218",NA,6.010514e-05,0.02929478,0.003569494,"F1044O2",218
"219",NA,6.010514e-05,0.03695966,0.003831558,"F1044O2",219
"220",NA,6.010514e-05,0.0465909,0.003668898,"F1044O2",220
"221",NA,3.67309e-05,0.05546456,0.004003256,"F1044O2",221
"222",NA,2.003508e-05,0.06175356,0.00434665,"F1044O2",222
"223",NA,1.335672e-05,0.06406528,0.004048438,"F1044O2",223
"224",NA,1.335672e-05,0.06356952,0.004012292,"F1044O2",224
"225",NA,1.335672e-05,0.058623,0.003985182,"F1044O2",225
"226",NA,6.67836e-06,0.05381574,0.003677934,"F1044O2",226
"227",NA,3.33918e-06,0.05169342,0.00341587,"F1044O2",227
"228",NA,3.33918e-06,0.05030082,0.003750228,"F1044O2",228
"229",NA,3.33918e-06,0.05158202,0.003271282,"F1044O2",229
"230",NA,0,0.05513036,0.003406832,"F1044O2",230
"231",NA,0,0.05663438,0.003560456,"F1044O2",231
"232",NA,0,0.05536988,0.00387674,"F1044O2",232
"233",NA,3.33918e-06,0.0526181,0.004129768,"F1044O2",233
"234",NA,3.33918e-06,0.04553254,0.004156878,"F1044O2",234
"235",NA,3.33918e-06,0.03866422,0.003813484,"F1044O2",235
"236",NA,1.001754e-05,0.03527184,0.004120732,"F1044O2",236
"237",NA,1.001754e-05,0.03164552,0.003759264,"F1044O2",237
"238",NA,6.67836e-06,0.02589128,0.00371408,"F1044O2",238
"239",NA,6.67836e-06,0.022309496,0.003804448,"F1044O2",239
"240",NA,6.67836e-06,0.020521396,0.004120732,"F1044O2",240
"241",NA,0,0.016783636,0.003253208,"F1044O2",241
"242",NA,6.67836e-06,0.012784076,0.003677932,"F1044O2",242
"243",NA,1.66959e-05,0.012349588,0.003641784,"F1044O2",243
"244",NA,1.66959e-05,0.013597352,0.003659858,"F1044O2",244
"245",NA,2.003508e-05,0.016276732,0.003705042,"F1044O2",245
"246",NA,3.005262e-05,0.022638152,0.003885776,"F1044O2",246
"247",NA,2.671344e-05,0.029222372,0.003560456,"F1044O2",247
"248",NA,2.003508e-05,0.03487076,0.00365986,"F1044O2",248
"249",NA,2.003508e-05,0.03869764,0.003723116,"F1044O2",249
"250",NA,1.66959e-05,0.03839126,0.003786372,"F1044O2",250
"251",NA,6.67836e-06,0.03468694,0.004156876,"F1044O2",251
"252",NA,3.33918e-06,0.03054256,0.004247242,"F1044O2",252
"253",NA,0,0.02668784,0.003777334,"F1044O2",253
"254",NA,6.67836e-06,0.02341244,0.003795408,"F1044O2",254
"255",NA,6.67836e-06,0.02036542,0.003777334,"F1044O2",255
"256",NA,1.335672e-05,0.01824308,0.003533344,"F1044O2",256
"257",NA,1.335672e-05,0.01721256,0.003804444,"F1044O2",257
"258",NA,1.335672e-05,0.01629344,0.004165912,"F1044O2",258
"259",NA,1.001754e-05,0.01661652,0.003994214,"F1044O2",259
"260",NA,1.001754e-05,0.01888926,0.004012288,"F1044O2",260
"261",NA,3.33918e-06,0.02063838,0.004464122,"F1044O2",261
"262",NA,3.33918e-06,0.0230058,0.00450027,"F1044O2",262
"263",NA,6.67836e-06,0.02772394,0.00455449,"F1044O2",263
"264",NA,1.335672e-05,0.03199644,0.004464124,"F1044O2",264
"265",NA,2.003508e-05,0.037461,0.0043105,"F1044O2",265
"266",NA,2.003508e-05,0.04448528,0.00406651,"F1044O2",266
"267",NA,2.003508e-05,0.05054032,0.00393096,"F1044O2",267
"268",NA,1.66959e-05,0.05405526,0.00379541,"F1044O2",268
"269",NA,6.67836e-06,0.05607176,0.004138804,"F1044O2",269
"270",NA,6.67836e-06,0.0541834,0.004292428,"F1044O2",270
"271",NA,1.335672e-05,0.05021726,0.00393096,"F1044O2",271
"272",NA,1.66959e-05,0.04911988,0.003894812,"F1044O2",272
"273",NA,1.66959e-05,0.05217802,0.00420206,"F1044O2",273
"274",NA,2.003508e-05,0.0575646,0.00412073,"F1044O2",274
"275",NA,2.003508e-05,0.0612745,0.003867702,"F1044O2",275
"276",NA,1.66959e-05,0.0628008,0.004183986,"F1044O2",276
"277",NA,1.335672e-05,0.0611631,0.003723116,"F1044O2",277
"278",NA,1.335672e-05,0.05652852,0.003497198,"F1044O2",278
"279",NA,1.001754e-05,0.05113636,0.003605638,"F1044O2",279
"280",NA,3.33918e-06,0.0486408,0.003506236,"F1044O2",280
"281",NA,3.33918e-06,0.04744316,0.003461054,"F1044O2",281
"282",NA,3.33918e-06,0.04426802,0.003930962,"F1044O2",282
"283",NA,6.67836e-06,0.03741642,0.003813486,"F1044O2",283
"284",NA,6.67836e-06,0.02920008,0.00399422,"F1044O2",284
"285",NA,1.001754e-05,0.020432262,0.00407555,"F1044O2",285
"286",NA,1.001754e-05,0.01275624,0.004030366,"F1044O2",286
"287",NA,1.001754e-05,0.0069853,0.004093622,"F1044O2",287
"288",NA,1.001754e-05,0.004712574,0.003967108,"F1044O2",288
"289",NA,3.673094e-05,0.003604054,0.003262246,"F1044O2",289
"290",NA,0.00012021036,0.003303252,0.003614676,"F1044O2",290
"291",NA,0.00016695878,0.00339795,0.00382252,"F1044O2",291
"292",NA,0.00020035058,0.00593249,0.003623712,"F1044O2",292
"293",NA,0.00020035058,0.010299696,0.003840592,"F1044O2",293
"294",NA,0.00018031554,0.013363416,0.004292426,"F1044O2",294
"295",NA,0.00011353194,0.016221036,0.004165912,"F1044O2",295
"296",NA,8.347934e-05,0.02017602,0.003885774,"F1044O2",296
"297",NA,7.680094e-05,0.0232286,0.003705042,"F1044O2",297
"298",NA,0.00010017516,0.02474374,0.003352612,"F1044O2",298
"299",NA,0.0001235494,0.02694962,0.00363275,"F1044O2",299
"300",NA,0.00011019276,0.02865974,0.003506238,"F1044O2",300
"301",NA,9.349694e-05,0.02936162,0.003361652,"F1044O2",301
"302",NA,8.014024e-05,0.02881016,0.003894816,"F1044O2",302
"303",NA,0.00011019284,0.02781306,0.004111696,"F1044O2",303
"304",NA,0.00034059624,0.02541222,0.00360564,"F1044O2",304
"305",NA,0.00088822188,0.02308936,0.00374119,"F1044O2",305
"306",NA,0.0016061447,0.0201649,0.003840592,"F1044O2",306
"307",NA,0.00202688,0.01837122,0.003677932,"F1044O2",307
"308",NA,0.002157108,0.01680594,0.003912886,"F1044O2",308
"309",NA,0.0020936634,0.01696748,0.004355684,"F1044O2",309
"310",NA,0.0016729264,0.01831552,0.004455086,"F1044O2",310
"311",NA,0.0011119448,0.02056596,0.00433761,"F1044O2",311
"312",NA,0.0009783788,0.02215352,0.004156876,"F1044O2",312
"313",NA,0.0008581684,0.02393604,0.003650822,"F1044O2",313
"314",NA,0.0007246014,0.02563502,0.003397796,"F1044O2",314
"315",NA,0.0006244262,0.02809156,0.0034972,"F1044O2",315
"316",NA,0.00047082416,0.0305314,0.00360564,"F1044O2",316
"317",NA,0.00017697652,0.0326203,0.00384963,"F1044O2",317
"318",NA,0.00015360212,0.0344474,0.004102656,"F1044O2",318
"319",NA,0.00015360212,0.0349543,0.003804444,"F1044O2",319
"320",NA,0.0001369062,0.03318848,0.003939994,"F1044O2",320
"321",NA,0.00015360204,0.03004676,0.00400325,"F1044O2",321
"322",NA,0.00017029788,0.027178,0.003939994,"F1044O2",322
"323",NA,0.00018365468,0.02367422,0.004220132,"F1044O2",323
"324",NA,0.00014024528,0.018956088,0.00450027,"F1044O2",324
"325",NA,0.0001502628,0.01414326,0.00384963,"F1044O2",325
"326",NA,0.0002170464,0.01038324,0.004174952,"F1044O2",326
"327",NA,0.0002504382,0.006294568,0.004229172,"F1044O2",327
"328",NA,0.0002604558,0.002595812,0.0037683,"F1044O2",328
"329",NA,0.0003673096,0.0011753568,0.003677934,"F1044O2",329
"330",NA,0.000410719,0.0009692514,0.003912888,"F1044O2",330
"331",NA,0.000410719,0.000445633,0.003515274,"F1044O2",331
"332",NA,0.000430754,0.000206105,0.003352614,"F1044O2",332
"333",NA,0.0004207364,0.000178253,0.003677936,"F1044O2",333
"334",NA,0.0003305786,0.00015040102,0.003587568,"F1044O2",334
"335",NA,0.0004574672,6.684482e-05,0.003813484,"F1044O2",335
"336",NA,0.0004307538,6.127444e-05,0.003912888,"F1044O2",336
"337",NA,0.0004240756,0.00014483064,0.003542382,"F1044O2",337
"338",NA,0.0004407714,0.00025066844,0.003840592,"F1044O2",338
"339",NA,0.0004608064,0.00035093582,0.004301464,"F1044O2",339
"340",NA,0.0003072042,0.00035650624,0.00401229,"F1044O2",340
"341",NA,0.000340596,0.00035093584,0.00422917,"F1044O2",341
"342",NA,0.0003172216,0.00026737964,0.004708116,"F1044O2",342
"343",NA,0.0002738124,0.00013368984,0.003949034,"F1044O2",343
"344",NA,0.0003506134,7.241524e-05,0.003623712,"F1044O2",344
"345",NA,0.0004441104,0.00013926022,0.003397796,"F1044O2",345
"346",NA,0.0007246002,0.0001838234,0.003054402,"F1044O2",346
"347",NA,0.0011486758,0.000206105,0.002927888,"F1044O2",347
"348",NA,0.0012121202,0.00022281622,0.00333454,"F1044O2",348
"349",NA,0.0012521904,0.00017825302,0.003054404,"F1044O2",349
"350",NA,0.0013790782,0.00011697844,0.003623714,"F1044O2",350
"351",NA,0.0010685358,8.355604e-05,0.003994218,"F1044O2",351
"352",NA,0.00060439016,7.798566e-05,0.003840594,"F1044O2",352
"353",NA,0.00057099836,7.241526e-05,0.00395807,"F1044O2",353
"354",NA,0.00044410956,0.00012811946,0.00450027,"F1044O2",354
"355",NA,0.00030386516,0.00013368984,0.004111692,"F1044O2",355
"356",NA,0.0002470991,0.00012811946,0.004102654,"F1044O2",356
"357",NA,0.00024375992,0.00014483064,0.004202058,"F1044O2",357
"358",NA,0.00024709912,0.00015040104,0.003795408,"F1044O2",358
"359",NA,0.00024375992,9.469684e-05,0.003768298,"F1044O2",359
"360",NA,0.00015694132,0.00011697844,0.003994216,"F1044O2",360
"361",NA,0.00018031558,0.00012811922,0.003433942,"F1044O2",361
"362",NA,0.00018699394,0.00011140804,0.00393096,"F1044O2",362
"363",NA,0.00018699394,0.00012254882,0.004247244,"F1044O2",363
"364",NA,0.00014692392,0.00014483042,0.00390385,"F1044O2",364
"365",NA,0.00012021046,0.00026737942,0.003750226,"F1044O2",365
"366",NA,0.00012354966,0.00026180902,0.004003254,"F1044O2",366
"367",NA,0.00019033312,0.00025623862,0.003442978,"F1044O2",367
"368",NA,0.00017363712,0.00022838662,0.003614674,"F1044O2",368
"369",NA,0.00018365464,0.00023395702,0.003930958,"F1044O2",369
"370",NA,0.00017697628,8.355604e-05,0.004093618,"F1044O2",370
"371",NA,0.00014024528,6.684484e-05,0.004391828,"F1044O2",371
"372",NA,7.012264e-05,6.127442e-05,0.004843664,"F1044O2",372
"373",NA,2.337424e-05,7.241524e-05,0.004780408,"F1044O2",373
"374",NA,1.001754e-05,6.127444e-05,0.0052955,"F1044O2",374
"375",NA,6.010516e-05,4.456322e-05,0.005964216,"F1044O2",375
"376",NA,8.347936e-05,6.684482e-05,0.006316648,"F1044O2",376
"377",NA,9.01577e-05,8.355602e-05,0.006858848,"F1044O2",377
"378",NA,0.0001101927,8.355602e-05,0.00764504,"F1044O2",378
"379",NA,0.0001636195,7.798564e-05,0.007157058,"F1044O2",379
"380",NA,0.0002270639,8.355604e-05,0.006723296,"F1044O2",380
"381",NA,0.0002537773,5.570404e-05,0.006470268,"F1044O2",381
"382",NA,0.0002537773,3.342244e-05,0.005666004,"F1044O2",382
"383",NA,0.0002871691,3.342244e-05,0.004870774,"F1044O2",383
"384",NA,0.0006878703,0.00013368982,0.00450027,"F1044O2",384
"385",NA,0.0017731031,0.00249553942,0.00417495,"F1044O2",385
"386",NA,0.0032657155,0.00824977942,0.003858666,"F1044O2",386
"387",NA,0.0042374168,0.01409871942,0.003939996,"F1044O2",387
"388",NA,0.004815094,0.0190173986,0.003759264,"F1044O2",388
"389",NA,0.004968696,0.0232899,0.003958072,"F1044O2",389
"390",NA,0.00454796,0.02336232,0.003885778,"F1044O2",390
"391",NA,0.004284164,0.01870545,0.00384963,"F1044O2",391
"392",NA,0.004921946,0.013480396,0.00393096,"F1044O2",392
"393",NA,0.005456214,0.0086898362,0.003723116,"F1044O2",393
"394",NA,0.00538943,0.0046122982,0.003623712,"F1044O2",394
"395",NA,0.005212454,0.0028186262,0.003939996,"F1044O2",395
"396",NA,0.00437766,0.0019997762,0.00406651,"F1044O2",396
"397",NA,0.003018614,0.0017268262,0.003741188,"F1044O2",397
"398",NA,0.0019901482,0.002517824,0.003958068,"F1044O2",398
"399",NA,0.0016695882,0.004712562,0.004075544,"F1044O2",399
"400",NA,0.0013390082,0.007553474,0.003551416,"F1044O2",400
"401",NA,0.0015861082,0.010372094,0.003605636,"F1044O2",401
"402",NA,0.0017964782,0.011564162,0.004174948,"F1044O2",402
"403",NA,0.002180484,0.01220476,0.003831554,"F1044O2",403
"404",NA,0.002460974,0.01132464,0.004039398,"F1044O2",404
"405",NA,0.002574506,0.00891822,0.00436472,"F1044O2",405
"406",NA,0.002103682,0.00820522,0.004852702,"F1044O2",406
"407",NA,0.001886634,0.011073976,0.006407006,"F1044O2",407
"408",NA,0.001746388,0.01304034,0.010374118,"F1044O2",408
"409",NA,0.001966774,0.013135036,0.015262966,"F1044O2",409
"410",NA,0.00263795,0.01319631,0.02026929,"F1044O2",410
"411",NA,0.003395942,0.011965244,0.02571842,"F1044O2",411
"412",NA,0.00422072,0.00843918,0.02829388,"F1044O2",412
"413",NA,0.00511562,0.00599376,0.02931502,"F1044O2",413
"414",NA,0.005776778,0.004968806,0.0272908,"F1044O2",414
"415",NA,0.0059237,0.00528075,0.02446232,"F1044O2",415
"416",NA,0.0058469,0.005965912,0.02112778,"F1044O2",416
"417",NA,0.005673262,0.006194298,0.01820894,"F1044O2",417
"418",NA,0.005626514,0.005982622,0.01522684,"F1044O2",418
"419",NA,0.005472912,0.006322416,0.01407918,"F1044O2",419
"420",NA,0.005740048,0.005681818,0.01404304,"F1044O2",420
"421",NA,0.006444614,0.00463458,0.01441354,"F1044O2",421
"422",NA,0.006818602,0.004116532,0.01754022,"F1044O2",422
"423",NA,0.005873614,0.00407197,0.02095608,"F1044O2",423
"424",NA,0.0047983982,0.003682042,0.02345924,"F1044O2",424
"425",NA,0.0035762582,0.004149956,0.02586298,"F1044O2",425
"426",NA,0.0022138742,0.004356062,0.02753476,"F1044O2",426
"427",NA,0.0011854082,0.004016266,0.02728174,"F1044O2",427
"428",NA,0.0010585196,0.003860294,0.02747152,"F1044O2",428
"429",NA,0.0009850576,0.003988412,0.0282306,"F1044O2",429
"430",NA,0.000818099,0.003314392,0.0302006,"F1044O2",430
"431",NA,0.0006277658,0.0024899708,0.0328845,"F1044O2",431
"432",NA,0.00038400534,0.0023507114,0.03602926,"F1044O2",432
"433",NA,0.00024709894,0.0019886354,0.03855048,"F1044O2",433
"434",NA,0.00022706394,0.0014315954,0.04107172,"F1044O2",434
"435",NA,0.00022706394,0.0010305274,0.04319536,"F1044O2",435
"436",NA,0.00032390014,0.0013369006,0.04505692,"F1044O2",436
"437",NA,0.000510894,0.002027632,0.0477589,"F1044O2",437
"438",NA,0.000604391,0.002523398,0.04859932,"F1044O2",438
"439",NA,0.0008414718,0.00296346,0.04643052,"F1044O2",439
"440",NA,0.0011687104,0.0035205,0.04321344,"F1044O2",440
"441",NA,0.0011887454,0.004021836,0.03919212,"F1044O2",441
"442",NA,0.0010752134,0.00436163,0.03534248,"F1044O2",442
"443",NA,0.0010785526,0.004467468,0.033499,"F1044O2",443
"444",NA,0.0011586926,0.004924242,0.0321435,"F1044O2",444
"445",NA,0.0016963006,0.00584893,0.0293602,"F1044O2",445
"446",NA,0.0029050826,0.006756906,0.02654978,"F1044O2",446
"447",NA,0.0044310872,0.006896166,0.02249232,"F1044O2",447
"448",NA,0.006070624,0.006868314,0.01743176,"F1044O2",448
"449",NA,0.007813678,0.00680704,0.014359282,"F1044O2",449
"450",NA,0.009606812,0.006016042,0.012461586,"F1044O2",450
"451",NA,0.011740552,0.004679144,0.0112326,"F1044O2",451
"452",NA,0.014248268,0.003776738,0.01318452,"F1044O2",452
"453",NA,0.01689958,0.0030525842,0.01890476,"F1044O2",453
"454",NA,0.0193138,0.002077762,0.028691498,"F1044O2",454
"455",NA,0.02136072,0.0012310596,0.040628954,"F1044O2",455
"456",NA,0.02300692,0.0007854274,0.05340684,"F1044O2",456
"457",NA,0.02438934,0.000423351,0.06434124,"F1044O2",457
"458",NA,0.02569162,0.0003119428,0.07070306,"F1044O2",458
"459",NA,0.02680356,0.000289661,0.07187782,"F1044O2",459
"460",NA,0.02868352,0.0002395274,0.072411,"F1044O2",460
"461",NA,0.03121796,0.00014483042,0.0719682,"F1044O2",461
"462",NA,0.03418984,0.00012811922,0.06807338,"F1044O2",462
"463",NA,0.0378529,7.241522e-05,0.06437738,"F1044O2",463
"464",NA,0.04246766,1.671122e-05,0.06136816,"F1044O2",464
"465",NA,0.04652476,1.671122e-05,0.05631664,"F1044O2",465
"466",NA,0.0499374,5.5704e-06,0.04981022,"F1044O2",466
"467",NA,0.0528525,5.5704e-06,0.04462316,"F1044O2",467
"468",NA,0.05523,1.671122e-05,0.0397343,"F1044O2",468
"469",NA,0.05701312,1.671122e-05,0.03663472,"F1044O2",469
"470",NA,0.05837884,3.342244e-05,0.03481836,"F1044O2",470
"471",NA,0.05877954,3.899284e-05,0.03490872,"F1044O2",471
"472",NA,0.05813174,0.00023395644,0.03651726,"F1044O2",472
"473",NA,0.0556908,0.00243427562,0.04126152,"F1044O2",473
"474",NA,0.05175056,0.00477385562,0.04509308,"F1044O2",474
"475",NA,0.04804408,0.0053810304,0.04683716,"F1044O2",475
"476",NA,0.04534602,0.0054255936,0.04870776,"F1044O2",476
"477",NA,0.0434193,0.0052529116,0.05234954,"F1044O2",477
"478",NA,0.04291176,0.003113867,0.05318092,"F1044O2",478
"479",NA,0.04375658,0.0009135472,0.05415688,"F1044O2",479
"480",NA,0.04421738,0.0003787878,0.05511476,"F1044O2",480
"481",NA,0.0439369,0.0003509358,0.05211458,"F1044O2",481
"482",NA,0.04337258,0.0003509358,0.04372852,"F1044O2",482
"483",NA,0.04292512,0.000328654,0.033661654,"F1044O2",483
"484",NA,0.04290174,0.000233957,0.023179096,"F1044O2",484
"485",NA,0.04323566,0.0002005344,0.014838234,"F1044O2",485
"486",NA,0.0437933,0.0002506682,0.010166274,"F1044O2",486
"487",NA,0.04409384,0.0002952316,0.008530634,"F1044O2",487
"488",NA,0.04349946,0.00027295,0.01027472,"F1044O2",488
"489",NA,0.04222724,0.0002618092,0.013374298,"F1044O2",489
"490",NA,0.04065448,0.0002283868,0.01646484,"F1044O2",490
"491",NA,0.03850072,0.000178253,0.02008854,"F1044O2",491
"492",NA,0.03512146,0.000111408,0.0227363,"F1044O2",492
"493",NA,0.03236998,8.3556e-05,0.02408276,"F1044O2",493
"494",NA,0.03025294,5.01336e-05,0.02495028,"F1044O2",494
"495",NA,0.02792888,3.899282e-05,0.02595336,"F1044O2",495
"496",NA,0.02552132,6.127442e-05,0.02560094,"F1044O2",496
"497",NA,0.02589532,7.241524e-05,0.02562804,"F1044O2",497
"498",NA,0.02835296,8.912646e-05,0.02523946,"F1044O2",498
"499",NA,0.0318691,9.469686e-05,0.0241641,"F1044O2",499
"500",NA,0.03714166,8.912644e-05,0.02110066,"F1044O2",500
"501",NA,0.04511562,5.013364e-05,0.01826314,"F1044O2",501
"502",NA,0.05245846,3.342242e-05,0.01698898,"F1044O2",502
"503",NA,0.058105,1.67112e-05,0.01649196,"F1044O2",503
"504",NA,0.06305366,1.11408e-05,0.01576902,"F1044O2",504
"505",NA,0.0675482,1.11408e-05,0.01575094,"F1044O2",505
"506",NA,0.07093078,5.5704e-06,0.015027998,"F1044O2",506
"507",NA,0.0739327,5.5704e-06,0.013329096,"F1044O2",507
"508",NA,0.07635362,5.5704e-06,0.012235656,"F1044O2",508
"509",NA,0.07756908,1.671122e-05,0.011928416,"F1044O2",509
"510",NA,0.0774689,0.00023395682,0.012389296,"F1044O2",510
"511",NA,0.07652058,0.00202762882,0.013916498,"F1044O2",511
"512",NA,0.07514484,0.00673462882,0.01567866,"F1044O2",512
"513",NA,0.07366224,0.01308488882,0.01566962,"F1044O2",513
"514",NA,0.0724568,0.019780528,0.01593168,"F1044O2",514
"515",NA,0.07108774,0.025651732,0.01623892,"F1044O2",515
"516",NA,0.0699424,0.02828654,0.0159407,"F1044O2",516
"517",NA,0.06844646,0.02639816,0.01466652,"F1044O2",517
"518",NA,0.06677686,0.022008684,0.01432314,"F1044O2",518
"519",NA,0.0658586,0.016772492,0.013030898,"F1044O2",519
"520",NA,0.06531764,0.011424906,0.011313932,"F1044O2",520
"521",NA,0.06368144,0.007525614,0.010401232,"F1044O2",521
"522",NA,0.0614876,0.0048796768,0.008964398,"F1044O2",522
"523",NA,0.05918358,0.0030692938,0.008313752,"F1044O2",523
"524",NA,0.05519326,0.0024286978,0.008630034,"F1044O2",524
"525",NA,0.05047166,0.0021223258,0.008801732,"F1044O2",525
"526",NA,0.04573004,0.0023395718,0.007708294,"F1044O2",526
"527",NA,0.04173972,0.002545677,0.008015542,"F1044O2",527
"528",NA,0.03839052,0.0025568178,0.007464304,"F1044O2",528
"529",NA,0.0359763,0.0017769594,0.005783482,"F1044O2",529
"530",NA,0.03497122,0.0015819954,0.004861738,"F1044O2",530
"531",NA,0.03450372,0.0012143494,0.004807518,"F1044O2",531
"532",NA,0.03438016,0.0010528074,0.004599674,"F1044O2",532
"533",NA,0.03364888,0.000963681,0.004681004,"F1044O2",533
"534",NA,0.0319125,0.0011307934,0.005367792,"F1044O2",534
"535",NA,0.02902078,0.0013591794,0.00578348,"F1044O2",535
"536",NA,0.02578178,0.0019997774,0.006262424,"F1044O2",536
"537",NA,0.02263294,0.0039438514,0.005656966,"F1044O2",537
"538",NA,0.020192,0.007091136,0.005611782,"F1044O2",538
"539",NA,0.01874948,0.01021057,0.005385866,"F1044O2",539
"540",NA,0.0169797,0.012154646,0.005042472,"F1044O2",540
"541",NA,0.01567408,0.013090474,0.00398518,"F1044O2",541
"542",NA,0.01454544,0.01237746,0.004355684,"F1044O2",542
"543",NA,0.012672166,0.009653526,0.00420206,"F1044O2",543
"544",NA,0.01044159,0.0064171134,0.003714078,"F1044O2",544
"545",NA,0.00872192,0.0042167994,0.003452014,"F1044O2",545
"546",NA,0.007513146,0.0026292334,0.003741188,"F1044O2",546
"547",NA,0.007105766,0.0016377014,0.00327128,"F1044O2",547
"548",NA,0.00873862,0.0014761594,0.003452014,"F1044O2",548
"549",NA,0.011697136,0.001442737,0.003967106,"F1044O2",549
"550",NA,0.016278486,0.00123663182,0.004301464,"F1044O2",550
"551",NA,0.02302362,0.00089126542,0.004635822,"F1044O2",551
"552",NA,0.0318858,0.00045677302,0.004852702,"F1044O2",552
"553",NA,0.042284,0.00014483062,0.004256282,"F1044O2",553
"554",NA,0.05277236,0.00017268262,0.004328574,"F1044O2",554
"555",NA,0.0620319,0.000339795,0.004464124,"F1044O2",555
"556",NA,0.06767846,0.0006350274,0.00452738,"F1044O2",556
"557",NA,0.06761168,0.0011920678,0.005205132,"F1044O2",557
"558",NA,0.06283332,0.0012811944,0.006144946,"F1044O2",558
"559",NA,0.0576676,0.0012589128,0.005882882,"F1044O2",559
"560",NA,0.05380418,0.0015151516,0.006153982,"F1044O2",560
"561",NA,0.04941316,0.0018995096,0.00605458,"F1044O2",561
"562",NA,0.04470158,0.0023729956,0.005693112,"F1044O2",562
"563",NA,0.04015028,0.0027406434,0.00477137,"F1044O2",563
"564",NA,0.0337257,0.003676472,0.004536416,"F1044O2",564
"565",NA,0.02594206,0.00432821,0.003650822,"F1044O2",565
"566",NA,0.0203623,0.004629012,0.00351527,"F1044O2",566
"567",NA,0.01771766,0.00460673,0.003668894,"F1044O2",567
"568",NA,0.01653892,0.004595588,0.004247242,"F1044O2",568
"569",NA,0.0167159,0.004194518,0.004979214,"F1044O2",569
"570",NA,0.01644544,0.004005124,0.005810588,"F1044O2",570
"571",NA,0.01532346,0.003258688,0.00616302,"F1044O2",571
"572",NA,0.013820836,0.0023952742,0.006560634,"F1044O2",572
"573",NA,0.011670416,0.0033366742,0.006036506,"F1044O2",573
"574",NA,0.008808744,0.0061998602,0.005666002,"F1044O2",574
"575",NA,0.006511386,0.0108400042,0.006009396,"F1044O2",575
"576",NA,0.00473829,0.0169228862,0.00624435,"F1044O2",576
"577",NA,0.003803322,0.023223014,0.005928066,"F1044O2",577
"578",NA,0.00450455,0.02731726,0.006632928,"F1044O2",578
"579",NA,0.005486268,0.02675466,0.006515452,"F1044O2",579
"580",NA,0.006230904,0.02395832,0.005385866,"F1044O2",580
"581",NA,0.006417898,0.02103386,0.004906922,"F1044O2",581
"582",NA,0.005967108,0.01695632,0.004924996,"F1044O2",582
"583",NA,0.004554636,0.01353052,0.00486174,"F1044O2",583
"584",NA,0.003512814,0.0138536,0.005412978,"F1044O2",584
"585",NA,0.002617916,0.013965,0.0062805,"F1044O2",585
"586",NA,0.002217214,0.01340796,0.006614856,"F1044O2",586
"587",NA,0.002370816,0.01332998,0.007491416,"F1044O2",587
"588",NA,0.00251774,0.012566836,0.008413166,"F1044O2",588
"589",NA,0.002617916,0.010305248,0.008792706,"F1044O2",589
"590",NA,0.002918442,0.00814951,0.00994037,"F1044O2",590
"591",NA,0.00284498,0.005726382,0.010509682,"F1044O2",591
"592",NA,0.002304034,0.003693182,0.009922296,"F1044O2",592
"593",NA,0.0019033318,0.0024899742,0.00912706,"F1044O2",593
"594",NA,0.00142916768,0.0015875672,0.008422198,"F1044O2",594
"595",NA,0.00072794004,0.0009581102,0.006813664,"F1044O2",595
"596",NA,0.00030386522,0.0012533422,0.005638894,"F1044O2",596
"597",NA,0.00015694142,0.0034146622,0.004753298,"F1044O2",597
"598",NA,0.00013356722,0.008355614,0.004409904,"F1044O2",598
"599",NA,0.00017029814,0.014655749,0.004102658,"F1044O2",599
"600",NA,0.00017697648,0.020365424,0.003831558,"F1044O2",600
"601",NA,0.00017697648,0.02410316,0.003714082,"F1044O2",601
"602",NA,0.00014024546,0.02576314,0.00394,"F1044O2",602
"603",NA,8.681856e-05,0.02376336,0.00391289,"F1044O2",603
"604",NA,4.007012e-05,0.019340454,0.003605642,"F1044O2",604
"605",NA,6.010522e-05,0.015028952,0.003668898,"F1044O2",605
"606",NA,7.012274e-05,0.011920672,0.004003254,"F1044O2",606
"607",NA,6.678356e-05,0.009341574,0.00409362,"F1044O2",607
"608",NA,5.676604e-05,0.009252454,0.00422917,"F1044O2",608
"609",NA,5.342686e-05,0.0138759,0.004924996,"F1044O2",609
"610",NA,2.003506e-05,0.018421362,0.005232244,"F1044O2",610
"611",NA,6.67836e-06,0.021980862,0.005431052,"F1044O2",611
"612",NA,6.67836e-06,0.0234403,0.005458162,"F1044O2",612
"613",NA,1.001754e-05,0.02412546,0.005096694,"F1044O2",613
"614",NA,6.67836e-06,0.0199922,0.004699078,"F1044O2",614
"615",NA,1.001754e-05,0.0176192,0.00463582,"F1044O2",615
"616",NA,1.001754e-05,0.01687832,0.004129766,"F1044O2",616
"617",NA,7.680114e-05,0.0193683,0.003632748,"F1044O2",617
"618",NA,0.00018699398,0.02528408,0.003894812,"F1044O2",618
"619",NA,0.00034727438,0.03555036,0.003397794,"F1044O2",619
"620",NA,0.000470824,0.04300356,0.003343574,"F1044O2",620
"621",NA,0.0005409468,0.04734292,0.003605638,"F1044O2",621
"622",NA,0.0005209116,0.04938726,0.004021326,"F1044O2",622
"623",NA,0.0005743384,0.04670232,0.003777336,"F1044O2",623
"624",NA,0.0005409468,0.040664,0.004220134,"F1044O2",624
"625",NA,0.00052759,0.03723264,0.0037683,"F1044O2",625
"626",NA,0.0004941982,0.03509916,0.003596602,"F1044O2",626
"627",NA,0.0006110694,0.03156196,0.003921922,"F1044O2",627
"628",NA,0.0006177478,0.02685496,0.003930958,"F1044O2",628
"629",NA,0.0005943734,0.02195299,0.004138802,"F1044O2",629
"630",NA,0.000587695,0.01661097,0.004409902,"F1044O2",630
"631",NA,0.0005776774,0.01549689,0.00450027,"F1044O2",631
"632",NA,0.0004274145,0.01420455,0.004319538,"F1044O2",632
"633",NA,0.0003172217,0.013162884,0.004671968,"F1044O2",633
"634",NA,0.0003038651,0.012544568,0.004690042,"F1044O2",634
"635",NA,0.0002237249,0.012377448,0.004771372,"F1044O2",635
"636",NA,0.00020035068,0.011519608,0.004726188,"F1044O2",636
"637",NA,0.00018699398,0.014655748,0.004563526,"F1044O2",637
"638",NA,0.00015360218,0.020710774,0.004301462,"F1044O2",638
"639",NA,0.00024375998,0.0266544,0.004346646,"F1044O2",639
"640",NA,0.00026379498,0.03385136,0.00450027,"F1044O2",640
"641",NA,0.0003673094,0.03950534,0.00477137,"F1044O2",641
"642",NA,0.0005209116,0.04323194,0.005015362,"F1044O2",642
"643",NA,0.00056766,0.04347704,0.004798482,"F1044O2",643
"644",NA,0.0004107186,0.03877562,0.004934032,"F1044O2",644
"645",NA,0.00038066608,0.03151738,0.004554492,"F1044O2",645
"646",NA,0.00029718668,0.02681594,0.004147842,"F1044O2",646
"647",NA,0.00020035048,0.02613078,0.004202062,"F1044O2",647
"648",NA,0.00013690616,0.02828096,0.004202062,"F1044O2",648
"649",NA,0.00014358456,0.0370822,0.003723118,"F1044O2",649
"650",NA,0.00015026288,0.04617868,0.004328576,"F1044O2",650
"651",NA,0.00017363708,0.04913658,0.004545456,"F1044O2",651
"652",NA,0.00016361948,0.04460784,0.004093622,"F1044O2",652
"653",NA,0.000173637,0.03731618,0.00456353,"F1044O2",653
"654",NA,0.0002170462,0.0284648,0.005123804,"F1044O2",654
"655",NA,0.00020368954,0.018789002,0.004798482,"F1044O2",655
"656",NA,0.00020035034,0.012110072,0.004798482,"F1044O2",656
"657",NA,0.00018365454,0.008946078,0.00471715,"F1044O2",657
"658",NA,0.00017029784,0.00763146,0.004256278,"F1044O2",658
"659",NA,0.00013690624,0.006584224,0.004129764,"F1044O2",659
"660",NA,0.00013022788,0.005904634,0.003985178,"F1044O2",660
"661",NA,9.683622e-05,0.005041222,0.003876738,"F1044O2",661
"662",NA,7.346198e-05,0.005124778,0.004409904,"F1044O2",662
"663",NA,7.680116e-05,0.006784756,0.005277428,"F1044O2",663
"664",NA,0.00021704656,0.009113192,0.004708116,"F1044O2",664
"665",NA,0.00027047338,0.01302362,0.004906924,"F1044O2",665
"666",NA,0.00028383004,0.016143042,0.005964216,"F1044O2",666
"667",NA,0.00038066608,0.01807598,0.006370866,"F1044O2",667
"668",NA,0.0004808414,0.01822638,0.006352792,"F1044O2",668
"669",NA,0.0003706486,0.016432704,0.00641605,"F1044O2",669
"670",NA,0.0003806662,0.013090456,0.006163022,"F1044O2",670
"671",NA,0.0004641456,0.010394384,0.0052955,"F1044O2",671
"672",NA,0.0004374322,0.007815278,0.004446052,"F1044O2",672
"673",NA,0.0003840054,0.005564838,0.00338876,"F1044O2",673
"674",NA,0.0003439352,0.004545454,0.00357853,"F1044O2",674
"675",NA,0.00028382996,0.003921568,0.003831558,"F1044O2",675
"676",NA,0.00018365472,0.003487076,0.003723118,"F1044O2",676
"677",NA,0.00010685372,0.003275402,0.003876742,"F1044O2",677
"678",NA,4.340932e-05,0.0028687614,0.004138806,"F1044O2",678
"679",NA,1.66959e-05,0.0021780296,0.003967108,"F1044O2",679
"680",NA,5.008774e-05,0.0015095814,0.00395807,"F1044O2",680
"681",NA,4.674856e-05,0.0009915334,0.003804446,"F1044O2",681
"682",NA,0.00013022796,0.0009748214,0.003424904,"F1044O2",682
"683",NA,0.00016028056,0.001275624,0.00356949,"F1044O2",683
"684",NA,0.00016361974,0.0014037438,0.003560454,"F1044O2",684
"685",NA,0.00018699394,0.001721258,0.003180914,"F1044O2",685
"686",NA,0.00021704656,0.001899512,0.003641786,"F1044O2",686
"687",NA,0.00016028056,0.0015430056,0.004382796,"F1044O2",687
"688",NA,0.00017363716,0.00112522442,0.00453642,"F1044O2",688
"689",NA,0.0001803155,0.00095254142,0.0047533,"F1044O2",689
"690",NA,0.00012688864,0.00052918942,0.004906924,"F1044O2",690
"691",NA,9.683602e-05,0.00010583782,0.004337612,"F1044O2",691
"692",NA,8.014016e-05,0.00027852062,0.00417495,"F1044O2",692
"693",NA,4.007014e-05,0.0002729502,0.003677932,"F1044O2",693
"694",NA,3.33918e-05,0.000245098,0.003569492,"F1044O2",694
"695",NA,0.00013356706,0.0002506684,0.004183986,"F1044O2",695
"696",NA,0.00014692376,0.000245098,0.00455449,"F1044O2",696
"697",NA,0.00015026292,6.127442e-05,0.004355684,"F1044O2",697
"698",NA,0.00015694128,6.127442e-05,0.004834628,"F1044O2",698
"699",NA,0.00016361962,2.228162e-05,0.00537683,"F1044O2",699
"700",NA,7.680102e-05,1.671122e-05,0.005033436,"F1044O2",700
"701",NA,6.010514e-05,1.671122e-05,0.004961142,"F1044O2",701
"702",NA,5.008762e-05,5.5704e-06,0.005060546,"F1044O2",702
"703",NA,6.678348e-05,0.0001169786,0.004699078,"F1044O2",703
"704",NA,0.00015694118,0.0008801246,0.004129766,"F1044O2",704
"705",NA,0.00018031538,0.0014984406,0.003840592,"F1044O2",705
"706",NA,0.00024042058,0.0019106506,0.003777336,"F1044O2",706
"707",NA,0.0002604556,0.0020053476,0.003949032,"F1044O2",707
"708",NA,0.0002337422,0.0018939394,0.003994216,"F1044O2",708
"709",NA,0.000153602,0.0011307934,0.003777336,"F1044O2",709
"710",NA,0.000210368,0.000534759,0.004075546,"F1044O2",710
"711",NA,0.0003005258,0.0003008022,0.00439183,"F1044O2",711
"712",NA,0.0003005258,0.0008355612,0.003903848,"F1044O2",712
"713",NA,0.0003239,0.0018159528,0.004409902,"F1044O2",713
"714",NA,0.0003272392,0.0032698308,0.004979214,"F1044O2",714
"715",NA,0.0002938476,0.0057653692,0.004816554,"F1044O2",715
"716",NA,0.0002571166,0.009614516,0.00469004,"F1044O2",716
"717",NA,0.0002470991,0.01349152,0.004780408,"F1044O2",717
"718",NA,0.0003372569,0.016934038,0.004427978,"F1044O2",718
"719",NA,0.0005810175,0.01947414,0.00447316,"F1044O2",719
"720",NA,0.0007746887,0.01990306,0.004292426,"F1044O2",720
"721",NA,0.0007746887,0.017741748,0.004003252,"F1044O2",721
"722",NA,0.0008014022,0.013625216,0.004274352,"F1044O2",722
"723",NA,0.0007179228,0.009854044,0.00441894,"F1044O2",723
"724",NA,0.0005175716,0.006249992,0.00379541,"F1044O2",724
"725",NA,0.0003439354,0.0034146602,0.004111694,"F1044O2",725
"726",NA,0.0003005262,0.0015819946,0.004536418,"F1044O2",726
"727",NA,0.00026713436,0.0014984386,0.004274354,"F1044O2",727
"728",NA,0.00028716936,0.0009246868,0.003813482,"F1044O2",728
"729",NA,0.00027381256,0.000579322,0.003804444,"F1044O2",729
"730",NA,0.00020368976,0.0007464338,0.003614674,"F1044O2",730
"731",NA,0.00013690614,0.0008077084,0.00340683,"F1044O2",731
"732",NA,0.00013356696,0.0005013364,0.003424904,"F1044O2",732
"733",NA,0.00010685356,0.0005347588,0.003524308,"F1044O2",733
"734",NA,7.346176e-05,0.0006127446,0.00428339,"F1044O2",734
"735",NA,5.342676e-05,0.0005459006,0.004735224,"F1044O2",735
"736",NA,0.00010351438,0.000456774,0.004653894,"F1044O2",736
"737",NA,0.0001836546,0.000456774,0.004888848,"F1044O2",737
"738",NA,0.0002437598,0.0003453658,0.005250316,"F1044O2",738
"739",NA,0.0003305784,0.00023395762,0.0052955,"F1044O2",739
"740",NA,0.0003940228,2.785202e-05,0.005232244,"F1044O2",740
"741",NA,0.0003639702,3.342244e-05,0.005313574,"F1044O2",741
"742",NA,0.0003138826,5.570404e-05,0.005006326,"F1044O2",742
"743",NA,0.00028383,0.00014483064,0.004897884,"F1044O2",743
"744",NA,0.0002237248,0.00015040104,0.004328572,"F1044O2",744
"745",NA,0.0001836546,0.00015040104,0.003479122,"F1044O2",745
"746",NA,0.00017029794,0.00015040104,0.003686966,"F1044O2",746
"747",NA,0.00015360202,0.00013926026,0.003930956,"F1044O2",747
"748",NA,0.00011019276,4.456326e-05,0.003714076,"F1044O2",748
"749",NA,9.683616e-05,3.342244e-05,0.003985178,"F1044O2",749
"750",NA,0.00010017536,5.013364e-05,0.00450027,"F1044O2",750
"751",NA,9.015782e-05,3.899282e-05,0.003759262,"F1044O2",751
"752",NA,8.347948e-05,0.000445632,0.003885776,"F1044O2",752
"753",NA,7.680112e-05,0.00136475,0.00382252,"F1044O2",753
"754",NA,4.34093e-05,0.0019774956,0.003578528,"F1044O2",754
"755",NA,1.66959e-05,0.0025791,0.003641784,"F1044O2",755
"756",NA,1.66959e-05,0.003904858,0.004147838,"F1044O2",756
"757",NA,2.003506e-05,0.00486854,0.003777334,"F1044O2",757
"758",NA,4.007008e-05,0.00486854,0.004247242,"F1044O2",758
"759",NA,5.342678e-05,0.0044619,0.004563526,"F1044O2",759
"760",NA,6.010514e-05,0.004222372,0.004274352,"F1044O2",760
"761",NA,6.344432e-05,0.003576204,0.004355682,"F1044O2",761
"762",NA,7.012262e-05,0.002757354,0.00452738,"F1044O2",762
"763",NA,0.00010017522,0.002200312,0.004111692,"F1044O2",763
"764",NA,0.00016361954,0.0021724596,0.003741188,"F1044O2",764
"765",NA,0.00017029788,0.0019496434,0.003668896,"F1044O2",765
"766",NA,0.0002704731,0.0016154194,0.003316466,"F1044O2",766
"767",NA,0.0003639701,0.0011809268,0.00352431,"F1044O2",767
"768",NA,0.00031388248,0.0010528088,0.003397796,"F1044O2",768
"769",NA,0.00023708146,0.0009915342,0.00344298,"F1044O2",769
"770",NA,0.00022706394,0.0010750904,0.003777336,"F1044O2",770
"771",NA,0.00012354954,0.0008634142,0.003994216,"F1044O2",771
"772",NA,1.001754e-05,0.0013368988,0.00340683,"F1044O2",772
"773",NA,6.67836e-06,0.0015040108,0.003506234,"F1044O2",773
"774",NA,3.33918e-06,0.0016488418,0.003686968,"F1044O2",774
"775",NA,0,0.0015541448,0.003488162,"F1044O2",775
"776",NA,0,0.001793673,0.003732154,"F1044O2",776
"777",NA,0,0.001520723,0.003930962,"F1044O2",777
"778",NA,0,0.002033201,0.00426532,"F1044O2",778
"779",NA,0,0.002010919,0.004798484,"F1044O2",779
"780",NA,0,0.001860518,0.005322612,"F1044O2",780
"781",NA,3.33918e-06,0.0015207224,0.005422014,"F1044O2",781
"782",NA,6.67836e-06,0.0012756246,0.005557564,"F1044O2",782
"783",NA,6.67836e-06,0.0004010694,0.00545816,"F1044O2",783
"784",NA,1.001754e-05,0.000339795,0.004681004,"F1044O2",784
"785",NA,1.001754e-05,0.0004957664,0.00444605,"F1044O2",785
"786",NA,1.001754e-05,0.001063948,0.004057474,"F1044O2",786
"787",NA,6.67836e-06,0.0012477718,0.003894814,"F1044O2",787
"788",NA,6.67836e-06,0.0013424688,0.004030364,"F1044O2",788
"789",NA,6.67836e-06,0.0015374332,0.004138806,"F1044O2",789
"790",NA,6.67836e-06,0.0015095812,0.003804448,"F1044O2",790
"791",NA,3.33918e-06,0.0012700532,0.003840594,"F1044O2",791
"792",NA,3.33918e-06,0.001080659,0.00368697,"F1044O2",792
"793",NA,6.67836e-06,0.0010138142,0.003307428,"F1044O2",793
"794",NA,3.673098e-05,0.0010193842,0.00321706,"F1044O2",794
"795",NA,4.007016e-05,0.0018660868,0.003578528,"F1044O2",795
"796",NA,7.012276e-05,0.0030470148,0.00343394,"F1044O2",796
"797",NA,9.349696e-05,0.006717909,0.003831554,"F1044O2",797
"798",NA,9.683614e-05,0.012377444,0.003930958,"F1044O2",798
"799",NA,6.344434e-05,0.020181586,0.003858664,"F1044O2",799
"800",NA,6.678352e-05,0.032046564,0.00365082,"F1044O2",800
"801",NA,5.008762e-05,0.04765486,0.003705042,"F1044O2",801
"802",NA,4.007012e-05,0.05983178,0.003442978,"F1044O2",802
"803",NA,4.34093e-05,0.06647172,0.003533346,"F1044O2",803
"804",NA,4.674848e-05,0.06849936,0.003569494,"F1044O2",804
"805",NA,4.34093e-05,0.0626003,0.0034972,"F1044O2",805
"806",NA,3.339178e-05,0.04992204,0.004048438,"F1044O2",806
"807",NA,2.671344e-05,0.04102052,0.00483463,"F1044O2",807
"808",NA,1.66959e-05,0.03863638,0.005033436,"F1044O2",808
"809",NA,1.335672e-05,0.04201762,0.005250316,"F1044O2",809
"810",NA,1.001754e-05,0.05060162,0.006063618,"F1044O2",810
"811",NA,1.001754e-05,0.06101272,0.005846736,"F1044O2",811
"812",NA,1.335672e-05,0.066533,0.005403938,"F1044O2",812
"813",NA,2.671342e-05,0.0627674,0.005205132,"F1044O2",813
"814",NA,3.00526e-05,0.05372662,0.005476232,"F1044O2",814
"815",NA,3.00526e-05,0.04445746,0.005042472,"F1044O2",815
"816",NA,4.007012e-05,0.03462568,0.004617748,"F1044O2",816
"817",NA,3.339176e-05,0.02585786,0.00428339,"F1044O2",817
"818",NA,2.003506e-05,0.02127898,0.004382792,"F1044O2",818
"819",NA,1.669588e-05,0.017034322,0.004183986,"F1044O2",819
"820",NA,1.669588e-05,0.01116867,0.003849628,"F1044O2",820
"821",NA,3.33918e-06,0.0063001336,0.004193022,"F1044O2",821
"822",NA,0,0.0026960764,0.004382794,"F1044O2",822
"823",NA,0,0.0012310592,0.004446052,"F1044O2",823
"824",NA,0,0.0010082438,0.004635822,"F1044O2",824
"825",NA,6.67836e-06,0.0012254898,0.004545454,"F1044O2",825
"826",NA,1.335672e-05,0.0021334662,0.004319538,"F1044O2",826
"827",NA,2.003508e-05,0.0026403734,0.004635822,"F1044O2",827
"828",NA,2.003508e-05,0.0029634566,0.004373758,"F1044O2",828
"829",NA,2.003508e-05,0.00396613,0.00401229,"F1044O2",829
"830",NA,1.335672e-05,0.004122102,0.004382796,"F1044O2",830
"831",NA,6.67836e-06,0.0031974142,0.00483463,"F1044O2",831
"832",NA,0,0.002679366,0.004355684,"F1044O2",832
"833",NA,0,0.0023618532,0.004708114,"F1044O2",833
"834",NA,0,0.001348039,0.004997288,"F1044O2",834
"835",NA,0,0.0006684492,0.004599672,"F1044O2",835
"836",NA,0,0.0005626116,0.004482194,"F1044O2",836
"837",NA,0,0.0007520058,0.004545452,"F1044O2",837
"838",NA,0,0.0012366306,0.004382792,"F1044O2",838
"839",NA,3.6731e-05,0.0013424684,0.004039398,"F1044O2",839
"840",NA,4.007018e-05,0.0013313276,0.004084582,"F1044O2",840
"841",NA,4.007018e-05,0.0013591796,0.003533344,"F1044O2",841
"842",NA,9.015778e-05,0.0013090456,0.0035966,"F1044O2",842
"843",NA,9.015778e-05,0.0006851604,0.003632746,"F1044O2",843
"844",NA,9.015778e-05,0.0005347592,0.003668894,"F1044O2",844
"845",NA,0.0001001753,0.0005236184,0.004030362,"F1044O2",845
"846",NA,0.00010685366,0.0004400622,0.004455086,"F1044O2",846
"847",NA,6.010524e-05,0.0001671122,0.004211096,"F1044O2",847
"848",NA,6.010524e-05,0.00013926022,0.003994216,"F1044O2",848
"849",NA,2.671342e-05,0.00014483062,0.003795408,"F1044O2",849
"850",NA,1.66959e-05,8.912642e-05,0.00354238,"F1044O2",850
"851",NA,2.337424e-05,0.00025066822,0.003840592,"F1044O2",851
"852",NA,2.671342e-05,0.00257909622,0.003605638,"F1044O2",852
"853",NA,3.339178e-05,0.0082664754,0.003614676,"F1044O2",853
"854",NA,3.339178e-05,0.0158645226,0.00414784,"F1044O2",854
"855",NA,3.00526e-05,0.0243092722,0.004138804,"F1044O2",855
"856",NA,2.337426e-05,0.03063168,0.003858666,"F1044O2",856
"857",NA,2.003508e-05,0.03142826,0.00433761,"F1044O2",857
"858",NA,2.003508e-05,0.02681597,0.004283388,"F1044O2",858
"859",NA,1.66959e-05,0.020192744,0.003714078,"F1044O2",859
"860",NA,1.66959e-05,0.014093144,0.003623712,"F1044O2",860
"861",NA,1.335672e-05,0.010132584,0.003198988,"F1044O2",861
"862",NA,3.339174e-05,0.009803924,0.003307428,"F1044O2",862
"863",NA,4.340926e-05,0.012204774,0.003759264,"F1044O2",863
"864",NA,7.012266e-05,0.01377006,0.003885776,"F1044O2",864
"865",NA,8.347936e-05,0.01461118,0.003759262,"F1044O2",865
"866",NA,0.00011019278,0.013931596,0.00412073,"F1044O2",866
"867",NA,0.00014358458,0.01184826,0.004165914,"F1044O2",867
"868",NA,0.0002404207,0.0084614474,0.003542382,"F1044O2",868
"869",NA,0.0005509633,0.0073250834,0.003677934,"F1044O2",869
"870",NA,0.0010985886,0.0061553034,0.00379541,"F1044O2",870
"871",NA,0.001716336,0.0073306674,0.003696006,"F1044O2",871
"872",NA,0.002454294,0.0098707834,0.003705044,"F1044O2",872
"873",NA,0.003239,0.011358082,0.003894814,"F1044O2",873
"874",NA,0.003876784,0.011241104,0.00417495,"F1044O2",874
"875",NA,0.004604724,0.01078433,0.004662932,"F1044O2",875
"876",NA,0.00511228,0.008773404,0.004644858,"F1044O2",876
"877",NA,0.005085566,0.006211006,0.004400866,"F1044O2",877
"878",NA,0.004678188,0.0058545,0.004599674,"F1044O2",878
"879",NA,0.004033726,0.007447642,0.004581602,"F1044O2",879
"880",NA,0.002915102,0.010633916,0.004193024,"F1044O2",880
"881",NA,0.0019033306,0.015290782,0.004373758,"F1044O2",881
"882",NA,0.0013456886,0.02267714,0.004536418,"F1044O2",882
"883",NA,0.0014191486,0.0293672,0.004102656,"F1044O2",883
"884",NA,0.0020068446,0.0333779,0.004183986,"F1044O2",884
"885",NA,0.0028716906,0.0328877,0.004644858,"F1044O2",885
"886",NA,0.003419316,0.03456996,0.004581602,"F1044O2",886
"887",NA,0.003789964,0.03434716,0.004979218,"F1044O2",887
"888",NA,0.00360631,0.03337792,0.005756374,"F1044O2",888
"889",NA,0.003045328,0.03091022,0.005431052,"F1044O2",889
"890",NA,0.00238751,0.03040888,0.00537683,"F1044O2",890
"891",NA,0.002066948,0.02577988,0.005521416,"F1044O2",891
"892",NA,0.001766422,0.01999778,0.004952104,"F1044O2",892
"893",NA,0.0015660716,0.01519608,0.004509306,"F1044O2",893
"894",NA,0.001255528,0.01312388,0.00455449,"F1044O2",894
"895",NA,0.000955003,0.011296792,0.00422917,"F1044O2",895
"896",NA,0.00060439,0.00991532,0.004156878,"F1044O2",896
"897",NA,0.0004140578,0.00877896,0.004319538,"F1044O2",897
"898",NA,0.0004474502,0.007375214,0.004726188,"F1044O2",898
"899",NA,0.0005876958,0.005375442,0.005060546,"F1044O2",899
"900",NA,0.0007813688,0.004161092,0.004979216,"F1044O2",900
"901",NA,0.0009383102,0.003347812,0.004599674,"F1044O2",901
"902",NA,0.0009783802,0.002684934,0.004726188,"F1044O2",902
"903",NA,0.0009616836,0.002178028,0.004400868,"F1044O2",903
"904",NA,0.0010985896,0.001999776,0.003912886,"F1044O2",904
"905",NA,0.0012354956,0.001431595,0.00406651,"F1044O2",905
"906",NA,0.0015126472,0.0009246886,0.00428339,"F1044O2",906
"907",NA,0.0016829454,0.000657309,0.00409362,"F1044O2",907
"908",NA,0.001562735,0.0005514708,0.004319538,"F1044O2",908
"909",NA,0.001495951,0.0004400622,0.004102658,"F1044O2",909
"910",NA,0.001335671,0.0004567734,0.003750226,"F1044O2",910
"911",NA,0.0009416482,0.0008355618,0.003614676,"F1044O2",911
"912",NA,0.0006644964,0.0009413996,0.003560456,"F1044O2",912
"913",NA,0.0006210872,0.0008689844,0.00302729,"F1044O2",913
"914",NA,0.0004073804,0.000824421,0.00343394,"F1044O2",914
"915",NA,0.0002637948,0.000768717,0.004039398,"F1044O2",915
"916",NA,0.000267134,0.0004512032,0.00447316,"F1044O2",916
"917",NA,0.00025043816,0.0003342246,0.005024398,"F1044O2",917
"918",NA,0.00025043816,0.00027295,0.00543105,"F1044O2",918
"919",NA,0.00054762496,0.00022838682,0.005205134,"F1044O2",919
"920",NA,0.00074463656,0.00024509802,0.005313576,"F1044O2",920
"921",NA,0.00074129736,0.00104723782,0.004798484,"F1044O2",921
"922",NA,0.0007947242,0.00214460822,0.004301466,"F1044O2",922
"923",NA,0.0009383088,0.00303030422,0.004744264,"F1044O2",923
"924",NA,0.0012956008,0.0037098934,0.0050244,"F1044O2",924
"925",NA,0.0022639628,0.004172238,0.004653894,"F1044O2",925
"926",NA,0.0040971716,0.004395054,0.004861738,"F1044O2",926
"927",NA,0.0063644664,0.0040664,0.004897884,"F1044O2",927
"928",NA,0.00856833,0.004133244,0.004066508,"F1044O2",928
"929",NA,0.010631942,0.004005126,0.003659858,"F1044O2",929
"930",NA,0.012501874,0.004116534,0.003379722,"F1044O2",930
"931",NA,0.01414808,0.003732176,0.003262244,"F1044O2",931
"932",NA,0.01552048,0.003163994,0.00335261,"F1044O2",932
"933",NA,0.01684612,0.0023005806,0.003497198,"F1044O2",933
"934",NA,0.01753398,0.0017658206,0.003705042,"F1044O2",934
"935",NA,0.01682274,0.0012143496,0.003894812,"F1044O2",935
"936",NA,0.01536686,0.000646167,0.003813482,"F1044O2",936
"937",NA,0.013019426,0.000629457,0.003334538,"F1044O2",937
"938",NA,0.010571816,0.0006461682,0.003560454,"F1044O2",938
"939",NA,0.00905584,0.00063502742,0.003741188,"F1044O2",939
"940",NA,0.007780276,0.00049576724,0.00354238,"F1044O2",940
"941",NA,0.00616746,0.00035650706,0.004644856,"F1044O2",941
"942",NA,0.00519242,0.00016711228,0.006596782,"F1044O2",942
"943",NA,0.004183988,6.127448e-05,0.00897343,"F1044O2",943
"944",NA,0.002400867,7.241526e-05,0.011829024,"F1044O2",944
"945",NA,0.0013323304,7.241526e-05,0.01444966,"F1044O2",945
"946",NA,0.0009950734,0.00010583764,0.014594248,"F1044O2",946
"947",NA,0.0008414714,0.00016711222,0.013627322,"F1044O2",947
"948",NA,0.0006811912,0.00017825304,0.011341042,"F1044O2",948
"949",NA,0.0006110684,0.00015597144,0.008386044,"F1044O2",949
"950",NA,0.0006344426,0.00017268262,0.00606362,"F1044O2",950
"951",NA,0.0007279396,0.00016154182,0.00499729,"F1044O2",951
"952",NA,0.0005643208,9.469684e-05,0.004337612,"F1044O2",952
"953",NA,0.0005175722,0.00049576602,0.004482198,"F1044O2",953
"954",NA,0.000587695,0.00056818142,0.004753298,"F1044O2",954
"955",NA,0.000530929,0.00055704064,0.004545454,"F1044O2",955
"956",NA,0.0003272392,0.00067401924,0.004897886,"F1044O2",956
"957",NA,0.00028382988,0.00069630082,0.004897886,"F1044O2",957
"958",NA,0.00036730948,0.00028409082,0.004473162,"F1044O2",958
"959",NA,0.00026379488,0.00025066822,0.004545456,"F1044O2",959
"960",NA,0.00026045568,0.0003397948,0.004545456,"F1044O2",960
"961",NA,0.00029384748,0.0006127454,0.004165914,"F1044O2",961
"962",NA,0.0004040404,0.001197639,0.004328574,"F1044O2",962
"963",NA,0.0003172218,0.001225491,0.004617748,"F1044O2",963
"964",NA,0.0003138826,0.00119763902,0.004102656,"F1044O2",964
"965",NA,0.0002905084,0.00118649822,0.00414784,"F1044O2",965
"966",NA,0.00023708158,0.00082442122,0.004220134,"F1044O2",966
"967",NA,0.00012688866,0.00035093582,0.004003254,"F1044O2",967
"968",NA,0.00011353186,0.00084670182,0.003750226,"F1044O2",968
"969",NA,8.01402e-05,0.0010918006,0.003777336,"F1044O2",969
"970",NA,5.6766e-05,0.0011196526,0.003515272,"F1044O2",970
"971",NA,5.6766e-05,0.0013146176,0.003587566,"F1044O2",971
"972",NA,4.007012e-05,0.001648843,0.003831556,"F1044O2",972
"973",NA,1.66959e-05,0.001543005,0.004418942,"F1044O2",973
"974",NA,7.012276e-05,0.001570857,0.006126868,"F1044O2",974
"975",NA,0.00010685376,0.001810384,0.008657136,"F1044O2",975
"976",NA,0.00012688878,0.00245098,0.01168442,"F1044O2",976
"977",NA,0.00013690632,0.00355949,0.015380434,"F1044O2",977
"978",NA,0.00015694134,0.003576202,0.01876016,"F1044O2",978
"979",NA,0.00012688874,0.0034258002,0.01987168,"F1044O2",979
"980",NA,0.00014024534,0.0032754002,0.01963674,"F1044O2",980
"981",NA,0.00012021032,0.0024844024,0.01820894,"F1044O2",981
"982",NA,0.00012354948,0.0009971038,0.0171426,"F1044O2",982
"983",NA,0.00010351446,0.0009246878,0.01563346,"F1044O2",983
"984",NA,7.346184e-05,0.0013981736,0.01440448,"F1044O2",984
"985",NA,2.671342e-05,0.0013591804,0.01466654,"F1044O2",985
"986",NA,3.339178e-05,0.0013424692,0.01586842,"F1044O2",986
"987",NA,2.003508e-05,0.00125891302,0.0167992,"F1044O2",987
"988",NA,2.003508e-05,0.00095811162,0.0179559,"F1044O2",988
"989",NA,1.66959e-05,0.00036764722,0.0199259,"F1044O2",989
"990",NA,7.012272e-05,0.00021724602,0.02061268,"F1044O2",990
"991",NA,7.680106e-05,0.00013926024,0.018877644,"F1044O2",991
"992",NA,8.014024e-05,0.00026737962,0.016329298,"F1044O2",992
"993",NA,7.680106e-05,0.00033979482,0.013021874,"F1044O2",993
"994",NA,9.683606e-05,0.00032865404,0.010229528,"F1044O2",994
"995",NA,5.342676e-05,0.00032865404,0.008060726,"F1044O2",995
"996",NA,4.340924e-05,0.00032308364,0.007066692,"F1044O2",996
"997",NA,4.007006e-05,0.00030637244,0.00614495,"F1044O2",997
"998",NA,4.007006e-05,0.00040106864,0.007084774,"F1044O2",998
"999",NA,2.003506e-05,0.00047348402,0.006759452,"F1044O2",999
"1000",NA,6.67836e-06,0.00052361782,0.006316654,"F1044O2",1000
"1001",NA,0,0.000807709,0.006958258,"F1044O2",1001
"1002",NA,0,0.0008522724,0.007111882,"F1044O2",1002
"1003",NA,6.67836e-06,0.0007575762,0.006090728,"F1044O2",1003
"1004",NA,6.67836e-06,0.0009414,0.006370866,"F1044O2",1004
"1005",NA,6.67836e-06,0.0011530746,0.006885956,"F1044O2",1005
"1006",NA,6.67836e-06,0.0010806586,0.005928066,"F1044O2",1006
"1007",NA,6.67836e-06,0.0014928698,0.006334718,"F1044O2",1007
"1008",NA,0,0.00191622,0.006379902,"F1044O2",1008
"1009",NA,3.33918e-06,0.002278296,0.00591903,"F1044O2",1009
"1010",NA,3.005258e-05,0.00258467,0.00559371,"F1044O2",1010
"1011",NA,0.00011019278,0.003030304,0.006072656,"F1044O2",1011
"1012",NA,0.00056432078,0.003236408,0.005313574,"F1044O2",1012
"1013",NA,0.00178979878,0.003821302,0.00532261,"F1044O2",1013
"1014",NA,0.0035629016,0.003877006,0.00510573,"F1044O2",1014
"1015",NA,0.0058034882,0.003637478,0.004554492,"F1044O2",1015
"1016",NA,0.007953928,0.0030414434,0.004888848,"F1044O2",1016
"1017",NA,0.00916605,0.0023284312,0.005512378,"F1044O2",1017
"1018",NA,0.008989074,0.0021446072,0.006470272,"F1044O2",1018
"1019",NA,0.00766676,0.0047125672,0.007825774,"F1044O2",1019
"1020",NA,0.0054495476,0.0083500512,0.008702332,"F1044O2",1020
"1021",NA,0.0032423418,0.0114583358,0.0087927,"F1044O2",1021
"1022",NA,0.001599466,0.01371993,0.009633104,"F1044O2",1022
"1023",NA,0.0006578176,0.014098718,0.008846908,"F1044O2",1023
"1024",NA,0.0007312796,0.011720152,0.00769925,"F1044O2",1024
"1025",NA,0.002160448,0.007999112,0.007012462,"F1044O2",1025
"1026",NA,0.0045579738,0.00506908,0.00622627,"F1044O2",1026
"1027",NA,0.0081709596,0.0028966122,0.004545454,"F1044O2",1027
"1028",NA,0.012555306,0.0019719242,0.004545454,"F1044O2",1028
"1029",NA,0.017173396,0.0013703202,0.004247244,"F1044O2",1029
"1030",NA,0.0212906,0.0011976372,0.004021328,"F1044O2",1030
"1031",NA,0.02407548,0.0011530752,0.004301466,"F1044O2",1031
"1032",NA,0.02529762,0.001208779,0.004464128,"F1044O2",1032
"1033",NA,0.02507054,0.001626561,0.003786376,"F1044O2",1033
"1034",NA,0.02419232,0.003459231,0.00404844,"F1044O2",1034
"1035",NA,0.02303362,0.005308608,0.00440087,"F1044O2",1035
"1036",NA,0.02242922,0.008155082,0.004129768,"F1044O2",1036
"1037",NA,0.02279654,0.011575306,0.004491234,"F1044O2",1037
"1038",NA,0.0239252,0.014076414,0.006425082,"F1044O2",1038
"1039",NA,0.02540112,0.014393914,0.007211274,"F1044O2",1039
"1040",NA,0.02682362,0.013207416,0.007726366,"F1044O2",1040
"1041",NA,0.02822942,0.010990398,0.008358934,"F1044O2",1041
"1042",NA,0.0290642,0.008561708,0.008241458,"F1044O2",1042
"1043",NA,0.0291243,0.00648395,0.006732334,"F1044O2",1043
"1044",NA,0.02890726,0.005665108,0.005711188,"F1044O2",1044
"1045",NA,0.02908424,0.006550802,0.005114766,"F1044O2",1045
"1046",NA,0.02922114,0.00693516,0.00480752,"F1044O2",1046
"1047",NA,0.02962184,0.007336228,0.004934034,"F1044O2",1047
"1048",NA,0.03045996,0.007336228,0.004599676,"F1044O2",1048
"1049",NA,0.03120126,0.006868314,0.005168988,"F1044O2",1049
"1050",NA,0.0318357,0.00598262,0.00480752,"F1044O2",1050
"1051",NA,0.03304114,0.00503008,0.004129768,"F1044O2",1051
"1052",NA,0.03435678,0.003743316,0.004346648,"F1044O2",1052
"1053",NA,0.03621672,0.00324755,0.004364722,"F1044O2",1053
"1054",NA,0.03768596,0.003403522,0.003623712,"F1044O2",1054
"1055",NA,0.03766258,0.004718146,0.004048436,"F1044O2",1055
"1056",NA,0.0357459,0.006227726,0.004464124,"F1044O2",1056
"1057",NA,0.0329577,0.00764818,0.003750226,"F1044O2",1057
"1058",NA,0.03028968,0.008210792,0.00417495,"F1044O2",1058
"1059",NA,0.0286134,0.008093812,0.004780408,"F1044O2",1059
"1060",NA,0.02765506,0.006584224,0.00433761,"F1044O2",1060
"1061",NA,0.02733784,0.005113636,0.00474426,"F1044O2",1061
"1062",NA,0.02635612,0.003459225,0.005060544,"F1044O2",1062
"1063",NA,0.0238818,0.002434269,0.004590636,"F1044O2",1063
"1064",NA,0.02032558,0.002077763,0.004708114,"F1044O2",1064
"1065",NA,0.016592378,0.002612521,0.004626784,"F1044O2",1065
"1066",NA,0.012495206,0.004222371,0.004057472,"F1044O2",1066
"1067",NA,0.009640202,0.006762474,0.004048436,"F1044O2",1067
"1068",NA,0.007646712,0.009051922,0.004075546,"F1044O2",1068
"1069",NA,0.006311044,0.010132582,0.003524308,"F1044O2",1069
"1070",NA,0.00592036,0.010466808,0.00414784,"F1044O2",1070
"1071",NA,0.006591536,0.009163332,0.004717152,"F1044O2",1071
"1072",NA,0.0074831,0.006940742,0.004509308,"F1044O2",1072
"1073",NA,0.00910261,0.004545456,0.004789446,"F1044O2",1073
"1074",NA,0.010444958,0.002879904,0.00494307,"F1044O2",1074
"1075",NA,0.011169564,0.00147616,0.004003254,"F1044O2",1075
"1076",NA,0.01166376,0.001253342,0.004328576,"F1044O2",1076
"1077",NA,0.01206446,0.001576426,0.004193024,"F1044O2",1077
"1078",NA,0.0118207,0.002879902,0.00382252,"F1044O2",1078
"1079",NA,0.010785556,0.004712564,0.00401229,"F1044O2",1079
"1080",NA,0.009546716,0.005999328,0.004455088,"F1044O2",1080
"1081",NA,0.008658496,0.006211004,0.003298392,"F1044O2",1081
"1082",NA,0.008087494,0.005542555,0.0034972,"F1044O2",1082
"1083",NA,0.007436346,0.004200086,0.003939998,"F1044O2",1083
"1084",NA,0.007199264,0.003069294,0.004256282,"F1044O2",1084
"1085",NA,0.006878704,0.003197414,0.005702154,"F1044O2",1085
"1086",NA,0.00600718,0.003927138,0.009316822,"F1044O2",1086
"1087",NA,0.004554638,0.004974375,0.01415145,"F1044O2",1087
"1088",NA,0.00312213,0.006472816,0.01940176,"F1044O2",1088
"1089",NA,0.0020035064,0.006489528,0.02326946,"F1044O2",1089
"1090",NA,0.0013456882,0.005587122,0.02599854,"F1044O2",1090
"1091",NA,0.00093830808,0.004940954,0.02720946,"F1044O2",1091
"1092",NA,0.00052758962,0.00447861,0.0255919,"F1044O2",1092
"1093",NA,0.00024042062,0.003147282,0.02308874,"F1044O2",1093
"1094",NA,0.00020035042,0.0022671574,0.02197724,"F1044O2",1094
"1095",NA,0.00012688862,0.001843806,0.02067596,"F1044O2",1095
"1096",NA,0.00012354944,0.0012644838,0.0182451,"F1044O2",1096
"1097",NA,0.0001268886,0.0011252238,0.01673596,"F1044O2",1097
"1098",NA,0.0001068536,0.0014594478,0.0154166,"F1044O2",1098
"1099",NA,4.00701e-05,0.0022894384,0.01336526,"F1044O2",1099
"1100",NA,4.340928e-05,0.0028743318,0.01233508,"F1044O2",1100
"1101",NA,3.005258e-05,0.003604056,0.010997644,"F1044O2",1101
"1102",NA,2.003506e-05,0.004088682,0.009596964,"F1044O2",1102
"1103",NA,2.003506e-05,0.003982844,0.008458348,"F1044O2",1103
"1104",NA,1.335672e-05,0.0031528534,0.00712092,"F1044O2",1104
"1105",NA,1.001754e-05,0.0024955446,0.005295502,"F1044O2",1105
"1106",NA,1.001754e-05,0.0018716586,0.004798484,"F1044O2",1106
"1107",NA,1.001754e-05,0.0013480386,0.00442798,"F1044O2",1107
"1108",NA,1.001754e-05,0.0009469692,0.003569494,"F1044O2",1108
"1109",NA,3.33918e-06,0.0013536098,0.00382252,"F1044O2",1109
"1110",NA,6.67836e-06,0.0016599826,0.00393096,"F1044O2",1110
"1111",NA,6.67836e-06,0.0015987076,0.003397796,"F1044O2",1111
"1112",NA,1.001754e-05,0.0013257576,0.003696006,"F1044O2",1112
"1113",NA,1.001754e-05,0.001704545,0.00433761,"F1044O2",1113
"1114",NA,1.66959e-05,0.002010917,0.004491234,"F1044O2",1114
"1115",NA,2.003508e-05,0.002629233,0.00433761,"F1044O2",1115
"1116",NA,2.003508e-05,0.003108288,0.004545452,"F1044O2",1116
"1117",NA,1.66959e-05,0.003514928,0.003994214,"F1044O2",1117
"1118",NA,2.003508e-05,0.003425802,0.003939994,"F1044O2",1118
"1119",NA,1.335672e-05,0.00298574,0.003840592,"F1044O2",1119
"1120",NA,2.003506e-05,0.002562388,0.003849628,"F1044O2",1120
"1121",NA,2.671342e-05,0.002974598,0.004265316,"F1044O2",1121
"1122",NA,3.00526e-05,0.004506464,0.004780408,"F1044O2",1122
"1123",NA,3.00526e-05,0.007185832,0.004518344,"F1044O2",1123
"1124",NA,3.00526e-05,0.011168666,0.004888848,"F1044O2",1124
"1125",NA,2.337426e-05,0.014193406,0.004843666,"F1044O2",1125
"1126",NA,2.003508e-05,0.014611188,0.004852704,"F1044O2",1126
"1127",NA,1.66959e-05,0.01303476,0.004924996,"F1044O2",1127
"1128",NA,1.335672e-05,0.010934714,0.004717152,"F1044O2",1128
"1129",NA,1.335672e-05,0.008344482,0.00398518,"F1044O2",1129
"1130",NA,6.67836e-06,0.007520062,0.004608712,"F1044O2",1130
"1131",NA,3.33918e-06,0.009024074,0.004681004,"F1044O2",1131
"1132",NA,0,0.012332902,0.00439183,"F1044O2",1132
"1133",NA,0,0.015886828,0.004924996,"F1044O2",1133
"1134",NA,3.33918e-06,0.02090576,0.00510573,"F1044O2",1134
"1135",NA,3.33918e-06,0.02629234,0.00433761,"F1044O2",1135
"1136",NA,6.67836e-06,0.03204658,0.00436472,"F1044O2",1136
"1137",NA,6.67836e-06,0.03739416,0.004671968,"F1044O2",1137
"1138",NA,6.67836e-06,0.03944406,0.00463582,"F1044O2",1138
"1139",NA,6.67836e-06,0.0386865,0.005196094,"F1044O2",1139
"1140",NA,1.335672e-05,0.0397393,0.005548526,"F1044O2",1140
"1141",NA,1.001754e-05,0.04089794,0.004979216,"F1044O2",1141
"1142",NA,1.001754e-05,0.04479724,0.004735226,"F1044O2",1142
"1143",NA,1.001754e-05,0.05481842,0.004662934,"F1044O2",1143
"1144",NA,1.001754e-05,0.0665497,0.003939998,"F1044O2",1144
"1145",NA,3.33918e-06,0.07556262,0.004120732,"F1044O2",1145
"1146",NA,6.67836e-06,0.08229168,0.004274356,"F1044O2",1146
"1147",NA,1.335672e-05,0.08370098,0.004012292,"F1044O2",1147
"1148",NA,1.335672e-05,0.07838124,0.003813484,"F1044O2",1148
"1149",NA,1.001754e-05,0.0713291,0.004138806,"F1044O2",1149
"1150",NA,1.335672e-05,0.0643104,0.00368697,"F1044O2",1150
"1151",NA,0.00051089354,0.06071748,0.0037683,"F1044O2",1151
"1152",NA,0.00217380318,0.0633133,0.0037683,"F1044O2",1152
"1153",NA,0.00420736318,0.07201422,0.003641786,"F1044O2",1153
"1154",NA,0.00624426318,0.08469794,0.00368697,"F1044O2",1154
"1155",NA,0.009085904,0.09902512,0.004021328,"F1044O2",1155
"1156",NA,0.011760588,0.10817724,0.00390385,"F1044O2",1156
"1157",NA,0.01276902,0.10988736,0.004238208,"F1044O2",1157
"1158",NA,0.012658826,0.10770938,0.004418942,"F1044O2",1158
"1159",NA,0.012665506,0.09875226,0.003705042,"F1044O2",1159
"1160",NA,0.012141246,0.08467574,0.003515272,"F1044O2",1160
"1161",NA,0.011216286,0.07250446,0.003470088,"F1044O2",1161
"1162",NA,0.010808906,0.06374778,0.003388756,"F1044O2",1162
"1163",NA,0.01066866,0.05580994,0.003551416,"F1044O2",1163
"1164",NA,0.009907324,0.05032308,0.00384059,"F1044O2",1164
"1165",NA,0.008304528,0.04603944,0.00392192,"F1044O2",1165
"1166",NA,0.006377828,0.04234626,0.004238206,"F1044O2",1166
"1167",NA,0.00450121,0.03788436,0.0043105,"F1044O2",1167
"1168",NA,0.003636364,0.03343918,0.004021326,"F1044O2",1168
"1169",NA,0.00316554,0.02907198,0.0043105,"F1044O2",1169
"1170",NA,0.0029151,0.02574088,0.004220134,"F1044O2",1170
"1171",NA,0.0026412876,0.02379124,0.003741188,"F1044O2",1171
"1172",NA,0.0023073708,0.02302808,0.003415868,"F1044O2",1172
"1173",NA,0.0013890968,0.02208668,0.003452016,"F1044O2",1173
"1174",NA,0.0005776768,0.02126226,0.003732154,"F1044O2",1174
"1175",NA,0.0001101928,0.02054366,0.003939996,"F1044O2",1175
"1176",NA,6.01052e-05,0.01949084,0.004084584,"F1044O2",1176
"1177",NA,0,0.01696188,0.004238208,"F1044O2",1177
"1178",NA,0,0.01517936,0.00433761,"F1044O2",1178
"1179",NA,6.67836e-06,0.013174016,0.004084582,"F1044O2",1179
"1180",NA,8.681856e-05,0.011642162,0.003885776,"F1044O2",1180
"1181",NA,0.00010351444,0.009603394,0.004220134,"F1044O2",1181
"1182",NA,0.00010685362,0.009391714,0.004292426,"F1044O2",1182
"1183",NA,0.00010685362,0.009146614,0.004111692,"F1044O2",1183
"1184",NA,0.00010017526,0.010929138,0.003795408,"F1044O2",1184
"1185",NA,4.674846e-05,0.012672672,0.003822518,"F1044O2",1185
"1186",NA,3.673094e-05,0.0147393,0.003777334,"F1044O2",1186
"1187",NA,0.00013356716,0.0165107,0.003967106,"F1044O2",1187
"1188",NA,0.00032056116,0.01803142,0.0037683,"F1044O2",1188
"1189",NA,0.00046080656,0.01906196,0.00384963,"F1044O2",1189
"1190",NA,0.00081809916,0.02052698,0.003921924,"F1044O2",1190
"1191",NA,0.0014057948,0.02189172,0.004220134,"F1044O2",1191
"1192",NA,0.0021504314,0.02253788,0.00433761,"F1044O2",1192
"1193",NA,0.0029651914,0.02264372,0.004789444,"F1044O2",1193
"1194",NA,0.00370315,0.02144608,0.004699078,"F1044O2",1194
"1195",NA,0.004214044,0.01981396,0.00455449,"F1044O2",1195
"1196",NA,0.00446782,0.01833224,0.00420206,"F1044O2",1196
"1197",NA,0.00434761,0.01622106,0.004057474,"F1044O2",1197
"1198",NA,0.003963604,0.0146112,0.003677934,"F1044O2",1198
"1199",NA,0.004077136,0.01420456,0.003976144,"F1044O2",1199
"1200",NA,0.004414392,0.01330214,0.004093622,"F1044O2",1200
"1201",NA,0.005382754,0.01273952,0.003958072,"F1044O2",1201
"1202",NA,0.007018952,0.01292892,0.003867704,"F1044O2",1202
"1203",NA,0.008675184,0.01250558,0.004265318,"F1044O2",1203
"1204",NA,0.009590118,0.01184826,0.003994218,"F1044O2",1204
"1205",NA,0.009970784,0.01228832,0.004382794,"F1044O2",1205
"1206",NA,0.00946323,0.01205436,0.00469004,"F1044O2",1206
"1207",NA,0.008177644,0.01190396,0.004355682,"F1044O2",1207
"1208",NA,0.00693213,0.01263368,0.004093618,"F1044O2",1208
"1209",NA,0.005820184,0.01305146,0.004391828,"F1044O2",1209
"1210",NA,0.004962016,0.01279522,0.004030362,"F1044O2",1210
"1211",NA,0.004421068,0.01278966,0.004165912,"F1044O2",1211
"1212",NA,0.003983636,0.012461,0.004319536,"F1044O2",1212
"1213",NA,0.003616328,0.01171456,0.004093618,"F1044O2",1213
"1214",NA,0.00389348,0.01110182,0.004220132,"F1044O2",1214
"1215",NA,0.004671508,0.010405528,0.004183984,"F1044O2",1215
"1216",NA,0.006080638,0.0095254,0.003831554,"F1044O2",1216
"1217",NA,0.008154276,0.00875111,0.004256278,"F1044O2",1217
"1218",NA,0.010641958,0.00764817,0.0045816,"F1044O2",1218
"1219",NA,0.013116282,0.006355838,0.004292426,"F1044O2",1219
"1220",NA,0.01472242,0.006316844,0.004355684,"F1044O2",1220
"1221",NA,0.0146957,0.006868312,0.004292428,"F1044O2",1221
"1222",NA,0.013356682,0.008149502,0.004012292,"F1044O2",1222
"1223",NA,0.01171715,0.009854042,0.004391832,"F1044O2",1223
"1224",NA,0.009366376,0.01051135,0.004355686,"F1044O2",1224
"1225",NA,0.0063911756,0.009748204,0.004283392,"F1044O2",1225
"1226",NA,0.0043342526,0.008394598,0.004464126,"F1044O2",1226
"1227",NA,0.0029985816,0.006016036,0.004427978,"F1044O2",1227
"1228",NA,0.0014892736,0.00354835,0.0040394,"F1044O2",1228
"1229",NA,0.0003472744,0.002378564,0.004355684,"F1044O2",1229
"1230",NA,0.0002304032,0.0015597138,0.004608712,"F1044O2",1230
"1231",NA,0.0001836546,0.0009079752,0.004138804,"F1044O2",1231
"1232",NA,0.000193672,0.0007742862,0.004409906,"F1044O2",1232
"1233",NA,0.00019701118,0.0008132802,0.004418944,"F1044O2",1233
"1234",NA,0.00014692356,0.0007909982,0.004717154,"F1044O2",1234
"1235",NA,0.00010017516,0.0008355614,0.00513284,"F1044O2",1235
"1236",NA,5.342676e-05,0.000790998,0.005973252,"F1044O2",1236
"1237",NA,1.001754e-05,0.0007074418,0.005919032,"F1044O2",1237
"1238",NA,6.67836e-06,0.0008077098,0.00668715,"F1044O2",1238
"1239",NA,3.33918e-06,0.0005848938,0.00671426,"F1044O2",1239
"1240",NA,3.33918e-06,0.0005848938,0.005747336,"F1044O2",1240
"1241",NA,3.33918e-06,0.0007798578,0.005422014,"F1044O2",1241
"1242",NA,0,0.000863414,0.00518706,"F1044O2",1242
"1243",NA,0,0.0005737516,0.004789446,"F1044O2",1243
"1244",NA,0,0.0006350262,0.0064793,"F1044O2",1244
"1245",NA,0,0.0005458998,0.010482548,"F1044O2",1245
"1246",NA,3.33918e-06,0.000367647,0.016491956,"F1044O2",1246
"1247",NA,3.33918e-06,0.000495766,0.02378456,"F1044O2",1247
"1248",NA,6.67836e-06,0.0006127446,0.03076088,"F1044O2",1248
"1249",NA,6.67836e-06,0.0007074416,0.0363546,"F1044O2",1249
"1250",NA,6.67836e-06,0.0007241528,0.04008676,"F1044O2",1250
"1251",NA,3.33918e-06,0.0007408642,0.04062896,"F1044O2",1251
"1252",NA,3.33918e-06,0.0006405972,0.04022232,"F1044O2",1252
"1253",NA,1.669588e-05,0.000473485,0.03719504,"F1044O2",1253
"1254",NA,0.00045412788,0.00030080222,0.03094164,"F1044O2",1254
"1255",NA,0.00153935988,0.00042892242,0.023386964,"F1044O2",1255
"1256",NA,0.00367643988,0.00121434982,0.016925724,"F1044O2",1256
"1257",NA,0.00600049988,0.00218917082,0.010075906,"F1044O2",1257
"1258",NA,0.008254444,0.00278520482,0.005503334,"F1044O2",1258
"1259",NA,0.00977377,0.003498218,0.003894812,"F1044O2",1259
"1260",NA,0.010114366,0.00394385,0.004084584,"F1044O2",1260
"1261",NA,0.008872186,0.003771168,0.003587566,"F1044O2",1261
"1262",NA,0.007155856,0.00309715,0.003786374,"F1044O2",1262
"1263",NA,0.004962017,0.002941178,0.004039402,"F1044O2",1263
"1264",NA,0.00301527654,0.002590242,0.003985182,"F1044O2",1264
"1265",NA,0.00158944854,0.00243427,0.004048438,"F1044O2",1265
"1266",NA,0.00071124442,0.002049912,0.004138804,"F1044O2",1266
"1267",NA,0.0001068536,0.001832666,0.003587566,"F1044O2",1267
"1268",NA,3.339178e-05,0.0014650194,0.004003252,"F1044O2",1268
"1269",NA,3.339178e-05,0.0011642168,0.00428339,"F1044O2",1269
"1270",NA,4.007014e-05,0.000752007,0.00390385,"F1044O2",1270
"1271",NA,2.671344e-05,0.0005236196,0.003976144,"F1044O2",1271
"1272",NA,3.005262e-05,0.0003286544,0.004183988,"F1044O2",1272
"1273",NA,3.005262e-05,0.0003063726,0.003714082,"F1044O2",1273
"1274",NA,2.003508e-05,0.00024509802,0.003560458,"F1044O2",1274
"1275",NA,1.335672e-05,0.00016711222,0.004446052,"F1044O2",1275
"1276",NA,1.335672e-05,0.00012811922,0.004626786,"F1044O2",1276
"1277",NA,1.335672e-05,0.00010583764,0.005367794,"F1044O2",1277
"1278",NA,1.66959e-05,6.684486e-05,0.006117838,"F1044O2",1278
"1279",NA,2.337426e-05,0.00012811944,0.006289536,"F1044O2",1279
"1280",NA,0.00013690626,0.00018939404,0.006054582,"F1044O2",1280
"1281",NA,0.00014024544,0.00020053484,0.006208206,"F1044O2",1281
"1282",NA,0.00014358462,0.00018382362,0.005928068,"F1044O2",1282
"1283",NA,0.0001469238,0.00018939402,0.005629858,"F1044O2",1283
"1284",NA,0.00014358462,0.00011697862,0.005331646,"F1044O2",1284
"1285",NA,3.33918e-05,5.570402e-05,0.004644858,"F1044O2",1285
"1286",NA,2.671344e-05,3.899284e-05,0.004644858,"F1044O2",1286
"1287",NA,1.66959e-05,0.00010026744,0.004608712,"F1044O2",1287
"1288",NA,1.66959e-05,8.912662e-05,0.004003254,"F1044O2",1288
"1289",NA,2.671342e-05,0.00010026744,0.004129768,"F1044O2",1289
"1290",NA,3.00526e-05,0.00011140826,0.004446052,"F1044O2",1290
"1291",NA,3.00526e-05,9.469704e-05,0.003668896,"F1044O2",1291
"1292",NA,3.00526e-05,3.342244e-05,0.003217062,"F1044O2",1292
"1293",NA,2.337424e-05,2.785204e-05,0.003018254,"F1044O2",1293
"1294",NA,0.00050421554,2.785204e-05,0.0027833,"F1044O2",1294
"1295",NA,0.00274145718,1.114082e-05,0.002936924,"F1044O2",1295
"1296",NA,0.00608397718,1.671122e-05,0.003388758,"F1044O2",1296
"1297",NA,0.00973369718,2.228162e-05,0.002964032,"F1044O2",1297
"1298",NA,0.012718918,2.228162e-05,0.003370684,"F1044O2",1298
"1299",NA,0.013573748,1.11408e-05,0.003641784,"F1044O2",1299
"1300",NA,0.011780616,1.11408e-05,0.003235134,"F1044O2",1300
"1301",NA,0.008658482,5.5704e-06,0.003235134,"F1044O2",1301
"1302",NA,0.0050922414,2.7852e-05,0.003705042,"F1044O2",1302
"1303",NA,0.0021604474,4.456322e-05,0.00318995,"F1044O2",1303
"1304",NA,0.0008314544,4.456322e-05,0.003433942,"F1044O2",1304
"1305",NA,0.00039736228,5.013362e-05,0.003470088,"F1044O2",1305
"1306",NA,0.00017697628,7.241522e-05,0.003424906,"F1044O2",1306
"1307",NA,9.349688e-05,4.456322e-05,0.0032261,"F1044O2",1307
"1308",NA,4.007006e-05,2.7852e-05,0.003587568,"F1044O2",1308
"1309",NA,2.003506e-05,2.7852e-05,0.002756192,"F1044O2",1309
"1310",NA,1.335672e-05,2.7852e-05,0.003244174,"F1044O2",1310
"1311",NA,1.66959e-05,1.671122e-05,0.003379724,"F1044O2",1311
"1312",NA,1.66959e-05,8.912662e-05,0.003352614,"F1044O2",1312
"1313",NA,2.337426e-05,0.00021167562,0.003289356,"F1044O2",1313
"1314",NA,2.671344e-05,0.00037321742,0.003705044,"F1044O2",1314
"1315",NA,3.00526e-05,0.00051804802,0.003045366,"F1044O2",1315
"1316",NA,3.00526e-05,0.0008077092,0.003614676,"F1044O2",1316
"1317",NA,3.00526e-05,0.0009469698,0.004003252,"F1044O2",1317
"1318",NA,2.003506e-05,0.0010695188,0.00425628,"F1044O2",1318
"1319",NA,1.669588e-05,0.001164215,0.004626784,"F1044O2",1319
"1320",NA,6.67836e-06,0.0010528068,0.005024398,"F1044O2",1320
"1321",NA,6.67836e-06,0.0007575752,0.004075546,"F1044O2",1321
"1322",NA,1.001754e-05,0.0005458992,0.004220134,"F1044O2",1322
"1323",NA,1.335672e-05,0.0003008012,0.004934032,"F1044O2",1323
"1324",NA,1.66959e-05,5.01336e-05,0.004681004,"F1044O2",1324
"1325",NA,1.335672e-05,1.11408e-05,0.004943068,"F1044O2",1325
"1326",NA,1.001754e-05,5.5704e-06,0.005982288,"F1044O2",1326
"1327",NA,1.335672e-05,5.5704e-06,0.007256452,"F1044O2",1327
"1328",NA,1.001754e-05,3.89928e-05,0.009199332,"F1044O2",1328
"1329",NA,6.67836e-06,3.89928e-05,0.010157222,"F1044O2",1329
"1330",NA,6.67836e-06,3.89928e-05,0.010491578,"F1044O2",1330
"1331",NA,1.66959e-05,3.89928e-05,0.010410248,"F1044O2",1331
"1332",NA,1.335672e-05,4.45632e-05,0.0088198,"F1044O2",1332
"1333",NA,1.66959e-05,2.228162e-05,0.005946142,"F1044O2",1333
"1334",NA,1.66959e-05,2.785204e-05,0.00518706,"F1044O2",1334
"1335",NA,2.671344e-05,2.785204e-05,0.005168988,"F1044O2",1335
"1336",NA,1.66959e-05,2.785204e-05,0.005060548,"F1044O2",1336
"1337",NA,2.671342e-05,2.228164e-05,0.006316648,"F1044O2",1337
"1338",NA,4.674844e-05,1.671122e-05,0.008069766,"F1044O2",1338
"1339",NA,9.349684e-05,5.5704e-06,0.00905476,"F1044O2",1339
"1340",NA,0.0001101927,5.5704e-06,0.009822886,"F1044O2",1340
"1341",NA,0.00011353188,5.5704e-06,0.010066876,"F1044O2",1341
"1342",NA,0.00010017518,5.5704e-06,0.009000546,"F1044O2",1342
"1343",NA,8.014016e-05,5.5704e-06,0.00800651,"F1044O2",1343
"1344",NA,3.339176e-05,5.5704e-06,0.006931148,"F1044O2",1344
"1345",NA,6.67836e-06,1.11408e-05,0.0055666,"F1044O2",1345
"1346",NA,6.67836e-06,1.11408e-05,0.005584674,"F1044O2",1346
"1347",NA,1.001754e-05,1.11408e-05,0.005882886,"F1044O2",1347
"1348",NA,6.67836e-06,5.5704e-06,0.005729262,"F1044O2",1348
"1349",NA,1.001754e-05,5.5704e-06,0.006343758,"F1044O2",1349
"1350",NA,2.671342e-05,0,0.006732336,"F1044O2",1350
"1351",NA,9.349704e-05,0,0.005647932,"F1044O2",1351
"1352",NA,0.00010351456,3.34224e-05,0.0052955,"F1044O2",1352
"1353",NA,0.00011687126,0.0001058378,0.00515995,"F1044O2",1353
"1354",NA,0.00018365488,0.0001058378,0.004247244,"F1044O2",1354
"1355",NA,0.0002470992,0.0001281194,0.00412073,"F1044O2",1355
"1356",NA,0.0002237248,0.0001281194,0.004337612,"F1044O2",1356
"1357",NA,0.00021370728,9.4697e-05,0.004400868,"F1044O2",1357
"1358",NA,0.00020702894,2.22816e-05,0.005250316,"F1044O2",1358
"1359",NA,0.00014024532,2.7852e-05,0.005819628,"F1044O2",1359
"1360",NA,6.34443e-05,5.5704e-06,0.005449124,"F1044O2",1360
"1361",NA,2.337426e-05,1.11408e-05,0.005973252,"F1044O2",1361
"1362",NA,2.003508e-05,1.11408e-05,0.005747336,"F1044O2",1362
"1363",NA,2.003508e-05,1.67112e-05,0.004527384,"F1044O2",1363
"1364",NA,2.003508e-05,2.785202e-05,0.004310504,"F1044O2",1364
"1365",NA,2.671344e-05,7.241522e-05,0.00453642,"F1044O2",1365
"1366",NA,2.337426e-05,0.00013368982,0.003813484,"F1044O2",1366
"1367",NA,2.337426e-05,0.00026737962,0.004256282,"F1044O2",1367
"1368",NA,2.003508e-05,0.00026180922,0.00417495,"F1044O2",1368
"1369",NA,2.003508e-05,0.00026180922,0.003650822,"F1044O2",1369
"1370",NA,1.001754e-05,0.00026737962,0.003696006,"F1044O2",1370
"1371",NA,1.335672e-05,0.00026737962,0.003750226,"F1044O2",1371
"1372",NA,1.66959e-05,0.00015597142,0.003289354,"F1044O2",1372
"1373",NA,1.335672e-05,0.00042335142,0.003533346,"F1044O2",1373
"1374",NA,1.001754e-05,0.0006127462,0.00387674,"F1044O2",1374
"1375",NA,1.001754e-05,0.000596035,0.003569492,"F1044O2",1375
"1376",NA,3.33918e-06,0.00054033082,0.00393096,"F1044O2",1376
"1377",NA,3.33918e-06,0.00052361962,0.004057474,"F1044O2",1377
"1378",NA,3.33918e-06,0.00025623962,0.00379541,"F1044O2",1378
"1379",NA,1.335672e-05,5.013362e-05,0.003705042,"F1044O2",1379
"1380",NA,1.66959e-05,1.671122e-05,0.003650822,"F1044O2",1380
"1381",NA,1.66959e-05,1.11408e-05,0.003198988,"F1044O2",1381
"1382",NA,1.66959e-05,2.228162e-05,0.003623712,"F1044O2",1382
"1383",NA,2.003508e-05,2.228162e-05,0.003994216,"F1044O2",1383
"1384",NA,1.335672e-05,2.785202e-05,0.003967106,"F1044O2",1384
"1385",NA,1.335672e-05,2.785202e-05,0.004391832,"F1044O2",1385
"1386",NA,1.335672e-05,2.785202e-05,0.004825592,"F1044O2",1386
"1387",NA,1.335672e-05,1.11408e-05,0.004138804,"F1044O2",1387
"1388",NA,1.001754e-05,1.11408e-05,0.004355684,"F1044O2",1388
"1389",NA,1.001754e-05,1.11408e-05,0.004626786,"F1044O2",1389
"1390",NA,6.67836e-06,2.228162e-05,0.004301464,"F1044O2",1390
"1391",NA,2.003506e-05,2.228162e-05,0.004364722,"F1044O2",1391
"1392",NA,2.337424e-05,3.342244e-05,0.00453642,"F1044O2",1392
"1393",NA,2.671342e-05,3.342244e-05,0.003786376,"F1044O2",1393
"1394",NA,2.337424e-05,3.342244e-05,0.003750228,"F1044O2",1394
"1395",NA,2.671342e-05,2.228162e-05,0.003723118,"F1044O2",1395
"1396",NA,1.335672e-05,1.671122e-05,0.003406832,"F1044O2",1396
"1397",NA,6.67836e-06,1.11408e-05,0.003840592,"F1044O2",1397
"1398",NA,1.001754e-05,1.11408e-05,0.00439183,"F1044O2",1398
"1399",NA,2.003508e-05,1.11408e-05,0.00450027,"F1044O2",1399
"1400",NA,1.66959e-05,1.11408e-05,0.004988252,"F1044O2",1400
"1401",NA,5.34269e-05,1.67112e-05,0.005123804,"F1044O2",1401
"1402",NA,0.0001335671,1.11408e-05,0.00510573,"F1044O2",1402
"1403",NA,0.00014358462,1.11408e-05,0.005367794,"F1044O2",1403
"1404",NA,0.00013356708,1.11408e-05,0.00515995,"F1044O2",1404
"1405",NA,0.00013356708,1.67112e-05,0.004617748,"F1044O2",1405
"1406",NA,9.683608e-05,1.11408e-05,0.004870774,"F1044O2",1406
"1407",NA,2.337424e-05,1.11408e-05,0.004789444,"F1044O2",1407
"1408",NA,1.66959e-05,1.11408e-05,0.004193022,"F1044O2",1408
"1409",NA,6.01051e-05,5.5704e-06,0.004238206,"F1044O2",1409
"1410",NA,6.01051e-05,0,0.00460871,"F1044O2",1410
"1411",NA,7.34618e-05,1.671122e-05,0.004193022,"F1044O2",1411
"1412",NA,6.678344e-05,3.342244e-05,0.003876738,"F1044O2",1412
"1413",NA,6.010508e-05,3.899284e-05,0.004211096,"F1044O2",1413
"1414",NA,1.669588e-05,3.899284e-05,0.004165912,"F1044O2",1414
"1415",NA,1.669588e-05,3.899284e-05,0.00422917,"F1044O2",1415
"1416",NA,6.67836e-06,2.785202e-05,0.004328574,"F1044O2",1416
"1417",NA,2.003506e-05,5.01336e-05,0.004021328,"F1044O2",1417
"1418",NA,2.003506e-05,5.01336e-05,0.003939996,"F1044O2",1418
"1419",NA,2.003506e-05,5.01336e-05,0.004807518,"F1044O2",1419
"1420",NA,2.003506e-05,5.01336e-05,0.005141874,"F1044O2",1420
"1421",NA,1.669588e-05,5.570402e-05,0.005412976,"F1044O2",1421
"1422",NA,3.33918e-06,2.228162e-05,0.005928066,"F1044O2",1422
"1423",NA,3.33918e-06,2.228162e-05,0.00553949,"F1044O2",1423
"1424",NA,3.33918e-06,2.785202e-05,0.004626786,"F1044O2",1424
"1425",NA,3.33918e-06,2.785202e-05,0.003976146,"F1044O2",1425
"1426",NA,1.001754e-05,3.342242e-05,0.003958072,"F1044O2",1426
"1427",NA,1.335672e-05,9.469702e-05,0.003795412,"F1044O2",1427
"1428",NA,1.001754e-05,0.00010026744,0.003976146,"F1044O2",1428
"1429",NA,1.66959e-05,9.469704e-05,0.003732154,"F1044O2",1429
"1430",NA,2.003508e-05,0.00010026744,0.004129768,"F1044O2",1430
"1431",NA,2.337426e-05,8.912662e-05,0.004084584,"F1044O2",1431
"1432",NA,2.003508e-05,2.785202e-05,0.00390385,"F1044O2",1432
"1433",NA,2.003508e-05,2.22816e-05,0.004084582,"F1044O2",1433
"1434",NA,1.335672e-05,2.7852e-05,0.004400866,"F1044O2",1434
"1435",NA,0.00018031554,6.12744e-05,0.003587564,"F1044O2",1435
"1436",NA,0.0008949,0.000473484,0.003614674,"F1044O2",1436
"1437",NA,0.00145922,0.0007464336,0.003533344,"F1044O2",1437
"1438",NA,0.00239419,0.0012143472,0.003515272,"F1044O2",1438
"1439",NA,0.003412638,0.0019217888,0.00357853,"F1044O2",1439
"1440",NA,0.004765004,0.002423126,0.003804446,"F1044O2",1440
"1441",NA,0.006538102,0.002634802,0.003162842,"F1044O2",1441
"1442",NA,0.008631762,0.003397948,0.004057474,"F1044O2",1442
"1443",NA,0.010077632,0.00381573,0.004238208,"F1044O2",1443
"1444",NA,0.013774104,0.004255792,0.003912886,"F1044O2",1444
"1445",NA,0.0185291,0.004840684,0.004373758,"F1044O2",1445
"1446",NA,0.0241289,0.005230614,0.00499729,"F1044O2",1446
"1447",NA,0.03105102,0.005096924,0.005196098,"F1044O2",1447
"1448",NA,0.0375524,0.005241754,0.007030538,"F1044O2",1448
"1449",NA,0.04253112,0.00516377,0.008548694,"F1044O2",1449
"1450",NA,0.04434428,0.005057934,0.0084764,"F1044O2",1450
"1451",NA,0.04061442,0.004684716,0.008521582,"F1044O2",1451
"1452",NA,0.0333083,0.004133246,0.007391996,"F1044O2",1452
"1453",NA,0.02726772,0.003347818,0.004979208,"F1044O2",1453
"1454",NA,0.02058936,0.002506686,0.004129768,"F1044O2",1454
"1455",NA,0.01459554,0.0016042786,0.004129768,"F1044O2",1455
"1456",NA,0.011480092,0.001030526,0.0037683,"F1044O2",1456
"1457",NA,0.01059187,0.0007798578,0.00409362,"F1044O2",1457
"1458",NA,0.008661826,0.000612746,0.004301462,"F1044O2",1458
"1459",NA,0.006144084,0.0005514708,0.003506234,"F1044O2",1459
"1460",NA,0.0042040254,0.0005793228,0.003560454,"F1044O2",1460
"1461",NA,0.0029718684,0.0006127452,0.003632748,"F1044O2",1461
"1462",NA,0.0016462156,0.0005737524,0.003659858,"F1044O2",1462
"1463",NA,0.0009683616,0.0011753562,0.0037683,"F1044O2",1463
"1464",NA,0.000554303,0.0016209894,0.003967106,"F1044O2",1464
"1465",NA,0.0004274142,0.0020944748,0.003361648,"F1044O2",1465
"1466",NA,0.0004274142,0.002250447,0.00365986,"F1044O2",1466
"1467",NA,0.00037398736,0.002278299,0.00384963,"F1044O2",1467
"1468",NA,0.00016695876,0.0016265614,0.003967106,"F1044O2",1468
"1469",NA,9.683606e-05,0.0010639494,0.003939996,"F1044O2",1469
"1470",NA,0.00013356706,0.00045677422,0.00428339,"F1044O2",1470
"1471",NA,0.00029050846,0.00022281622,0.003885774,"F1044O2",1471
"1472",NA,0.0005643201,0.00019496422,0.004012288,"F1044O2",1472
"1473",NA,0.0007446347,0.00031194282,0.004093618,"F1044O2",1473
"1474",NA,0.0009249502,0.00045677282,0.004283388,"F1044O2",1474
"1475",NA,0.0009750378,0.00068516,0.004202058,"F1044O2",1475
"1476",NA,0.0008948976,0.0006795896,0.004247242,"F1044O2",1476
"1477",NA,0.0006945478,0.0006127446,0.00340683,"F1044O2",1477
"1478",NA,0.0005409466,0.0004623436,0.003388758,"F1044O2",1478
"1479",NA,0.0003873446,0.00026738,0.003515272,"F1044O2",1479
"1480",NA,0.0003038652,0.000233958,0.003560456,"F1044O2",1480
"1481",NA,0.0002804908,0.00026181,0.00382252,"F1044O2",1481
"1482",NA,0.0002671342,0.0002673804,0.004545456,"F1044O2",1482
"1483",NA,0.0003606312,0.0002673804,0.004030364,"F1044O2",1483
"1484",NA,0.000577677,0.0003008028,0.00491596,"F1044O2",1484
"1485",NA,0.0006511388,0.0001169784,0.004934034,"F1044O2",1485
"1486",NA,0.000654478,6.68448e-05,0.005322612,"F1044O2",1486
"1487",NA,0.0006411212,6.12744e-05,0.005295502,"F1044O2",1487
"1488",NA,0.0005409458,6.68448e-05,0.0057383,"F1044O2",1488
"1489",NA,0.0004474494,2.7852e-05,0.005042474,"F1044O2",1489
"1490",NA,0.0004507886,1.11408e-05,0.006027472,"F1044O2",1490
"1491",NA,0.000437432,1.11408e-05,0.006117838,"F1044O2",1491
"1492",NA,0.000417397,1.11408e-05,0.0061088,"F1044O2",1492
"1493",NA,0.0003940228,1.11408e-05,0.0061088,"F1044O2",1493
"1494",NA,0.0002571166,1.11408e-05,0.006434122,"F1044O2",1494
"1495",NA,0.000186994,1.671122e-05,0.006705222,"F1044O2",1495
"1496",NA,0.0002671342,0.00011697862,0.008187236,"F1044O2",1496
"1497",NA,0.0005108944,0.00013926022,0.010166264,"F1044O2",1497
"1498",NA,0.0007847062,0.00013368982,0.012579068,"F1044O2",1498
"1499",NA,0.0009282908,0.00014483064,0.013844204,"F1044O2",1499
"1500",NA,0.0009717,0.00013368982,0.0147298,"F1044O2",1500
"1501",NA,0.0008615072,3.899282e-05,0.01397976,"F1044O2",1501
"1502",NA,0.0006110686,2.228162e-05,0.01345564,"F1044O2",1502
"1503",NA,0.0003138826,2.228162e-05,0.0127598,"F1044O2",1503
"1504",NA,0.0001435846,4.45632e-05,0.01254292,"F1044O2",1504
"1505",NA,6.344438e-05,0.000122549,0.01306704,"F1044O2",1505
"1506",NA,3.339176e-05,0.0001448306,0.01359116,"F1044O2",1506
"1507",NA,1.001754e-05,0.00015040102,0.013012812,"F1044O2",1507
"1508",NA,1.001754e-05,0.00015040102,0.012235664,"F1044O2",1508
"1509",NA,1.001754e-05,0.00011697862,0.01088016,"F1044O2",1509
"1510",NA,6.67836e-06,3.899282e-05,0.008340858,"F1044O2",1510
"1511",NA,3.33918e-06,6.127442e-05,0.006723298,"F1044O2",1511
"1512",NA,1.669588e-05,0.0003008016,0.005602748,"F1044O2",1512
"1513",NA,3.339176e-05,0.0006127436,0.004464124,"F1044O2",1513
"1514",NA,0.00012354956,0.0011307916,0.004825592,"F1044O2",1514
"1515",NA,0.00014692376,0.0015541436,0.005539492,"F1044O2",1515
"1516",NA,0.00017029796,0.00204991,0.005485272,"F1044O2",1516
"1517",NA,0.00022038568,0.002612522,0.00675041,"F1044O2",1517
"1518",NA,0.0004307538,0.002902184,0.009696362,"F1044O2",1518
"1519",NA,0.001111946,0.003024734,0.012036858,"F1044O2",1519
"1520",NA,0.0030019198,0.003464796,0.01473882,"F1044O2",1520
"1521",NA,0.0047382916,0.003626338,0.01604914,"F1044O2",1521
"1522",NA,0.00563653,0.00351493,0.015696708,"F1044O2",1522
"1523",NA,0.005763418,0.00392157,0.013636352,"F1044O2",1523
"1524",NA,0.005048834,0.004294786,0.0115037,"F1044O2",1524
"1525",NA,0.0031755562,0.004851826,0.008693296,"F1044O2",1525
"1526",NA,0.0015193246,0.005614972,0.008042654,"F1044O2",1526
"1527",NA,0.000711244,0.006038322,0.007455268,"F1044O2",1527
"1528",NA,0.00052759,0.006249998,0.006524488,"F1044O2",1528
"1529",NA,0.0006678354,0.006238858,0.005828662,"F1044O2",1529
"1530",NA,0.0007880456,0.005770944,0.005403938,"F1044O2",1530
"1531",NA,0.0009717012,0.005069072,0.004238204,"F1044O2",1531
"1532",NA,0.0012221398,0.004539884,0.004563526,"F1044O2",1532
"1533",NA,0.0016929638,0.003715464,0.004870774,"F1044O2",1533
"1534",NA,0.0020135244,0.002963458,0.004789444,"F1044O2",1534
"1535",NA,0.002263962,0.0021000446,0.004382794,"F1044O2",1535
"1536",NA,0.002327406,0.0013926032,0.004491234,"F1044O2",1536
"1537",NA,0.00222723,0.0008411324,0.003569492,"F1044O2",1537
"1538",NA,0.0016929616,0.0005737518,0.003786372,"F1044O2",1538
"1539",NA,0.0013122958,0.0004456328,0.00387674,"F1044O2",1539
"1540",NA,0.00109525,0.0003899286,0.004346648,"F1044O2",1540
"1541",NA,0.0008481504,0.000423351,0.005069584,"F1044O2",1541
"1542",NA,0.0005676598,0.00038992862,0.005503344,"F1044O2",1542
"1543",NA,0.000587695,0.00026180922,0.004825594,"F1044O2",1543
"1544",NA,0.0010184488,0.00013926022,0.004924996,"F1044O2",1544
"1545",NA,0.0014358466,0.00011140822,0.005069582,"F1044O2",1545
"1546",NA,0.0019100102,1.671122e-05,0.004943068,"F1044O2",1546
"1547",NA,0.0023040328,8.91266e-05,0.005711186,"F1044O2",1547
"1548",NA,0.0023441028,0.0001671124,0.006388936,"F1044O2",1548
"1549",NA,0.0019767928,0.00018382362,0.00605458,"F1044O2",1549
"1550",NA,0.0017864588,0.00017825322,0.006172058,"F1044O2",1550
"1551",NA,0.0015393588,0.00017825322,0.006407012,"F1044O2",1551
"1552",NA,0.0015059668,9.469702e-05,0.005909994,"F1044O2",1552
"1553",NA,0.001743048,5.013362e-05,0.00649738,"F1044O2",1553
"1554",NA,0.001846564,5.5704e-05,0.007907094,"F1044O2",1554
"1555",NA,0.00296185,0.0014873,0.01341948,"F1044O2",1555
"1556",NA,0.002631272,0.0014873,0.01200072,"F1044O2",1556
"1557",NA,0.002243928,0.0014873,0.010807878,"F1044O2",1557
"1558",NA,0.001839888,0.0014538776,0.00905476,"F1044O2",1558
"1559",NA,0.001536022,0.001431596,0.00684078,"F1044O2",1559
"1560",NA,0,0,2.711e-05,"F1044O2",1560
"1561",NA,0,0,2.711e-05,"F1044O2",1561
"1562",NA,0,0,2.711e-05,"F1044O2",1562
"1563",NA,0,0,2.711e-05,"F1044O2",1563
"1564",NA,0,0,2.711e-05,"F1044O2",1564
"1565",NA,0,0,0,"F1044O2",1565
"1566",NA,0,0,0,"F1044O2",1566
"1567",NA,0,0,1.807338e-05,"F1044O2",1567
"1568",NA,0,0,1.807338e-05,"F1044O2",1568
"1569",NA,0,0,1.807338e-05,"F1044O2",1569
