"","video","frame_index","slidedMother","slidedPatient","slidedTherapist"
"1","F1044O2",1,0.01152017,0.0013870308,0.003840594
"2","F1044O2",2,0.007155864,0.00121434802,0.004256282
"3","F1044O2",3,0.0033425176,0.00102088994,0.004256282
"4","F1044O2",4,0.001629519,0.00071602426,0.004111694
"5","F1044O2",5,0.0008047422,0.00010328006,0.00387674
"6","F1044O2",6,0.00065114,0.00013113206,0.004373758
"7","F1044O2",7,0.0004841804,0.00011999124,0.004193024
"8","F1044O2",8,0.0005075546,0.00012962574,0.004111694
"9","F1044O2",9,0.0005609814,0.00013926024,0.004644858
"10","F1044O2",10,0.0008948982,6.278076e-05,0.004328574
"11","F1044O2",11,0.0014892724,3.492876e-05,0.004301464
"12","F1044O2",12,0.001759746,3.086468e-05,0.00428339
"13","F1044O2",13,0.0019767922,2.529426e-05,0.003686968
"14","F1044O2",14,0.00308206,2.529426e-05,0.003488162
"15","F1044O2",15,0.004831792,2.529426e-05,0.003786372
"16","F1044O2",16,0.006948836,2.529426e-05,0.003587566
"17","F1044O2",17,0.009226148,2.935834e-05,0.003424906
"18","F1044O2",18,0.010695386,3.492876e-05,0.003831556
"19","F1044O2",19,0.010571836,2.529426e-05,0.003307428
"20","F1044O2",20,0.008875532,2.935834e-05,0.003461052
"21","F1044O2",21,0.006327734,2.529426e-05,0.003714078
"22","F1044O2",22,0.003943568,2.123018e-05,0.003786372
"23","F1044O2",23,0.0022706406,1.159568e-05,0.004111694
"24","F1044O2",24,0.0012021042,4.908216e-05,0.004111694
"25","F1044O2",25,0.0008481512,0.00020505356,0.003705042
"26","F1044O2",26,0.0010919112,0.00020911764,0.003696006
"27","F1044O2",27,0.0010651972,0.00020911764,0.004057474
"28","F1044O2",28,0.0010318054,0.00021318172,0.003551418
"29","F1044O2",29,0.0011086066,0.00017975932,0.004084582
"30","F1044O2",30,0.0011086066,1.972384e-05,0.00428339
"31","F1044O2",31,0.0009049166,1.565976e-05,0.003949032
"32","F1044O2",32,0.0011720506,1.565976e-05,0.003768298
"33","F1044O2",33,0.0014692378,1.565976e-05,0.004138804
"34","F1044O2",34,0.001759747,1.565976e-05,0.003949034
"35","F1044O2",35,0.002013524,2.529426e-05,0.004283392
"36","F1044O2",36,0.002036898,3.492876e-05,0.00426532
"37","F1044O2",37,0.002006846,3.492876e-05,0.00415688
"38","F1044O2",38,0.0016662496,3.086468e-05,0.004364722
"39","F1044O2",39,0.001332331,3.64351e-05,0.004554492
"40","F1044O2",40,0.001489273,2.68006e-05,0.004274354
"41","F1044O2",41,0.002063611,1.71661e-05,0.004735224
"42","F1044O2",42,0.002694715,2.123018e-05,0.004915956
"43","F1044O2",43,0.0039836374,2.123018e-05,0.004509306
"44","F1044O2",44,0.005469572,1.565976e-05,0.004491234
"45","F1044O2",45,0.005663244,1.565976e-05,0.004825592
"46","F1044O2",46,0.005038818,1.565976e-05,0.004446052
"47","F1044O2",47,0.004163954,2.123018e-05,0.004789448
"48","F1044O2",48,0.003212288,2.529426e-05,0.004717154
"49","F1044O2",49,0.002450954,2.123018e-05,0.004084584
"50","F1044O2",50,0.002317386,2.123018e-05,0.003858666
"51","F1044O2",51,0.002330742,2.529426e-05,0.00409362
"52","F1044O2",52,0.0022138712,1.565976e-05,0.003542382
"53","F1044O2",53,0.0019500766,1.159568e-05,0.003650822
"54","F1044O2",54,0.0014558786,1.159568e-05,0.0040394
"55","F1044O2",55,0.000934968,1.565976e-05,0.00360564
"56","F1044O2",56,0.000998414,1.565976e-05,0.003298392
"57","F1044O2",57,0.0013223148,2.529426e-05,0.003379722
"58","F1044O2",58,0.0014158114,2.529426e-05,0.003180916
"59","F1044O2",59,0.0013056194,2.529426e-05,0.003217064
"60","F1044O2",60,0.0013323328,2.123018e-05,0.00325321
"61","F1044O2",61,0.00117873,1.71661e-05,0.0032261
"62","F1044O2",62,0.0009717,7.5316e-06,0.00365986
"63","F1044O2",63,0.000888221,1.159568e-05,0.003921924
"64","F1044O2",64,0.0007546538,2.680058e-05,0.003732152
"65","F1044O2",65,0.0006678352,3.643508e-05,0.00422917
"66","F1044O2",66,0.00050087636,0.00019647056,0.004708114
"67","F1044O2",67,0.00028716936,0.00019647056,0.00425628
"68","F1044O2",68,0.00025377756,0.00019647056,0.004400866
"69","F1044O2",69,0.00037064876,0.00019090016,0.004943068
"70","F1044O2",70,0.00082477656,0.00018126566,0.004590636
"71","F1044O2",71,0.0015159862,2.123018e-05,0.00479848
"72","F1044O2",72,0.0020736292,2.123018e-05,0.00466293
"73","F1044O2",73,0.002621254,3.2371e-05,0.004102656
"74","F1044O2",74,0.003402622,6.022298e-05,0.00398518
"75","F1044O2",75,0.004197346,6.022298e-05,0.004102658
"76","F1044O2",76,0.00458469,7.542788e-05,0.00357853
"77","F1044O2",77,0.004614742,7.542788e-05,0.003858666
"78","F1044O2",78,0.004187328,6.428706e-05,0.00425628
"79","F1044O2",79,0.00356958,2.680058e-05,0.003985178
"80","F1044O2",80,0.002744804,2.680058e-05,0.004066508
"81","F1044O2",81,0.0016862854,1.565976e-05,0.003930958
"82","F1044O2",82,0.00108857294,4.200544e-05,0.003659858
"83","F1044O2",83,0.00086150848,0.00034280704,0.003614674
"84","F1044O2",84,0.00051757284,0.00100975072,0.003452014
"85","F1044O2",85,0.00018699384,0.0022671564,0.00327128
"86","F1044O2",86,0.00026713404,0.003960562,0.004075546
"87","F1044O2",87,0.0003339175,0.004851828,0.0043105
"88","F1044O2",88,0.00083479396,0.00515263,0.004319538
"89","F1044O2",89,0.0016428756,0.005353164,0.004852702
"90","F1044O2",90,0.0025511326,0.005074644,0.004961142
"91","F1044O2",91,0.003726523,0.003565062,0.004518344
"92","F1044O2",92,0.00511562,0.003097148,0.00452738
"93","F1044O2",93,0.00613407,0.002612523,0.004644856
"94","F1044O2",94,0.006808582,0.00176025022,0.004147838
"95","F1044O2",95,0.006801902,0.00086341442,0.004409902
"96","F1044O2",96,0.005980464,0.00068516124,0.004075544
"97","F1044O2",97,0.004754986,0.00028409084,0.003632748
"98","F1044O2",98,0.003566238,0.00019496424,0.003714078
"99","F1044O2",99,0.0022405856,0.00018382342,0.004156876
"100","F1044O2",100,0.0013490262,0.00011697844,0.003786372
"101","F1044O2",101,0.0009483254,0.00016154162,0.004111692
"102","F1044O2",102,0.0007412972,0.00012254884,0.004455086
"103","F1044O2",103,0.000530929,0.00023395704,0.004165912
"104","F1044O2",104,0.0005042156,0.00041778064,0.003795408
"105","F1044O2",105,0.0003906836,0.00084670142,0.003587564
"106","F1044O2",106,0.0003506134,0.00110851142,0.003442978
"107","F1044O2",107,0.0004507886,0.0013758906,0.003840592
"108","F1044O2",108,0.0004107186,0.001682264,0.003813482
"109","F1044O2",109,0.0004507888,0.001977496,0.003732152
"110","F1044O2",110,0.0004841806,0.001598709,0.004220134
"111","F1044O2",111,0.0004875198,0.0013926032,0.004373758
"112","F1044O2",112,0.0004841806,0.0013647512,0.003885776
"113","F1044O2",113,0.0005242506,0.0015485732,0.003921924
"114","F1044O2",114,0.0003606309,0.0011085104,0.004310502
"115","F1044O2",115,0.0004107185,0.001225489,0.004193024
"116","F1044O2",116,0.0006144083,0.0016432688,0.003939996
"117","F1044O2",117,0.0005275897,0.0014872978,0.003614676
"118","F1044O2",118,0.00040737944,0.0012923338,0.003461052
"119","F1044O2",119,0.00042073614,0.0019719246,0.003217062
"120","F1044O2",120,0.0003138825,0.002372995,0.002891742
"121","F1044O2",121,0.0001435845,0.002334003,0.002692936
"122","F1044O2",122,0.0001936723,0.002590242,0.003578532
"123","F1044O2",123,0.00020035064,0.002406418,0.004012292
"124","F1044O2",124,0.00022038564,0.001999778,0.003894814
"125","F1044O2",125,0.00109858928,0.001687834,0.004274354
"126","F1044O2",126,0.00304198328,0.0013034758,0.004952104
"127","F1044O2",127,0.00578010628,0.0010918,0.004464122
"128","F1044O2",128,0.0085616504,0.001286766,0.004337608
"129","F1044O2",129,0.010591862,0.001710116,0.004563526
"130","F1044O2",130,0.0102713,0.002562388,0.00420206
"131","F1044O2",131,0.00880207,0.0037488862,0.003967106
"132","F1044O2",132,0.006508058,0.00474042,0.003786372
"133","F1044O2",133,0.004020362,0.00528632,0.003488162
"134","F1044O2",134,0.002404208,0.00582665,0.003967106
"135","F1044O2",135,0.002297356,0.006166446,0.004057472
"136","F1044O2",136,0.0018832972,0.005759806,0.003759262
"137","F1044O2",137,0.0015527172,0.00583222,0.004111694
"138","F1044O2",138,0.001352366,0.0051582,0.004328574
"139","F1044O2",139,0.000928291,0.0040051254,0.003406832
"140","F1044O2",140,0.0005543024,0.0027183606,0.003840594
"141","F1044O2",141,0.0006377812,0.0024008466,0.004030364
"142","F1044O2",142,0.0008748632,0.0030414446,0.003723116
"143","F1044O2",143,0.0009383076,0.0048574006,0.003894814
"144","F1044O2",144,0.0009149333,0.0065508052,0.004274354
"145","F1044O2",145,0.0008548281,0.007631464,0.003705042
"146","F1044O2",146,0.0006978873,0.007637034,0.003885776
"147","F1044O2",147,0.0003038649,0.006016044,0.004156876
"148","F1044O2",148,0.0003773277,0.004283644,0.004057472
"149","F1044O2",149,0.000774689,0.003598484,0.00425628
"150","F1044O2",150,0.0013056188,0.005258472,0.004427976
"151","F1044O2",151,0.0023607996,0.00907978,0.003885776
"152","F1044O2",152,0.003880126,0.014109864,0.004003254
"153","F1044O2",153,0.004972036,0.019039684,0.004003254
"154","F1044O2",154,0.005559732,0.02420902,0.003750226
"155","F1044O2",155,0.005459556,0.02890488,0.003587566
"156","F1044O2",156,0.00458469,0.03234182,0.003967106
"157","F1044O2",157,0.003576258,0.03461454,0.003524308
"158","F1044O2",158,0.003462726,0.03673128,0.003650822
"159","F1044O2",159,0.004407712,0.03788992,0.004030364
"160","F1044O2",160,0.006798564,0.03912654,0.004427978
"161","F1044O2",161,0.00900576,0.0452317,0.004708116
"162","F1044O2",162,0.010565158,0.05500778,0.005042472
"163","F1044O2",163,0.01063528,0.06394272,0.004816554
"164","F1044O2",164,0.009189418,0.07101158,0.004726186
"165","F1044O2",165,0.006548128,0.07563502,0.00455449
"166","F1044O2",166,0.004407716,0.07450424,0.004165912
"167","F1044O2",167,0.0024242422,0.06872214,0.0043105
"168","F1044O2",168,0.0012789052,0.06133578,0.004238208
"169","F1044O2",169,0.0010251272,0.05211676,0.003677934
"170","F1044O2",170,0.0010518412,0.04308156,0.0037683
"171","F1044O2",171,0.0010184492,0.0330771,0.004075548
"172","F1044O2",172,0.001272227,0.02356284,0.00371408
"173","F1044O2",173,0.00145922,0.01604279,0.003894812
"174","F1044O2",174,0.001432506,0.012728388,0.004066508
"175","F1044O2",175,0.0013122948,0.010745328,0.00348816
"176","F1044O2",176,0.0011787284,0.010388808,0.003768296
"177","F1044O2",177,0.000874863,0.009302586,0.00370504
"178","F1044O2",178,0.0006644958,0.009375,0.00346105
"179","F1044O2",179,0.0005776776,0.009157754,0.003759262
"180","F1044O2",180,0.0005776776,0.007213672,0.00417495
"181","F1044O2",181,0.000510894,0.005208334,0.003271282
"182","F1044O2",182,0.0004674846,0.00555927,0.003614676
"183","F1044O2",183,0.00034727416,0.005119208,0.00406651
"184","F1044O2",184,0.00023040306,0.004734848,0.003569492
"185","F1044O2",185,0.00013690614,0.00645611,0.003723116
"186","F1044O2",186,0.00012354934,0.008171788,0.004111694
"187","F1044O2",187,0.00015026294,0.00887366,0.003668896
"188","F1044O2",188,0.00019367218,0.009932038,0.003424906
"189","F1044O2",189,0.00018198507,0.010243982,0.003479126
"190","F1044O2",190,0.00016695878,0.008572854,0.003298392
"191","F1044O2",191,0.00013022794,0.007397506,0.003641786
"192","F1044O2",192,7.012268e-05,0.006211008,0.003804446
"193","F1044O2",193,3.673096e-05,0.005035652,0.003442978
"194","F1044O2",194,4.507891e-05,0.004161098,0.003768298
"195","F1044O2",195,5.008768e-05,0.0037823096,0.004057472
"196","F1044O2",196,6.344432e-05,0.0030637276,0.00351527
"197","F1044O2",197,5.676596e-05,0.0028631936,0.00373215
"198","F1044O2",198,4.173967e-05,0.0025289676,0.003958068
"199","F1044O2",199,3.506131e-05,0.0033812396,0.00346105
"200","F1044O2",200,4.173965e-05,0.006723476,0.00373215
"201","F1044O2",201,4.173965e-05,0.010929126,0.0038677
"202","F1044O2",202,5.175717e-05,0.013424672,0.00340683
"203","F1044O2",203,7.680098e-05,0.013430244,0.003578526
"204","F1044O2",204,0.000116871,0.012037642,0.003958068
"205","F1044O2",205,0.0001569411,0.009280298,0.00324417
"206","F1044O2",206,0.0001769763,0.005470146,0.003442978
"207","F1044O2",207,0.0001769763,0.002768494,0.00409362
"208","F1044O2",208,0.0001636196,0.002334002,0.00384963
"209","F1044O2",209,0.0001569414,0.002473262,0.00401229
"210","F1044O2",210,0.000166959,0.002083334,0.004328574
"211","F1044O2",211,0.000166959,0.001771392,0.00387674
"212","F1044O2",212,0.0001970115,0.002785206,0.003858666
"213","F1044O2",213,0.0001970115,0.005108068,0.003858666
"214","F1044O2",214,0.00016195009,0.008751116,0.003858666
"215","F1044O2",215,0.00010184487,0.012299468,0.00390385
"216","F1044O2",216,9.182727e-05,0.016449422,0.00417495
"217","F1044O2",217,6.845307e-05,0.02190842,0.003506236
"218","F1044O2",218,6.177473e-05,0.02929478,0.003569494
"219","F1044O2",219,6.177473e-05,0.03695966,0.003831558
"220","F1044O2",220,6.177473e-05,0.0465909,0.003668898
"221","F1044O2",221,3.840049e-05,0.05546456,0.004003256
"222","F1044O2",222,2.170467e-05,0.06175356,0.00434665
"223","F1044O2",223,1.66959e-05,0.06406528,0.004048438
"224","F1044O2",224,1.66959e-05,0.06356952,0.004012292
"225","F1044O2",225,1.66959e-05,0.058623,0.003985182
"226","F1044O2",226,1.168713e-05,0.05381574,0.003677934
"227","F1044O2",227,1.001754e-05,0.05169342,0.00341587
"228","F1044O2",228,1.001754e-05,0.05030082,0.003750228
"229","F1044O2",229,1.001754e-05,0.05158202,0.003271282
"230","F1044O2",230,8.34795e-06,0.05513036,0.003406832
"231","F1044O2",231,8.34795e-06,0.05663438,0.003560456
"232","F1044O2",232,8.34795e-06,0.05536988,0.00387674
"233","F1044O2",233,1.001754e-05,0.0526181,0.004129768
"234","F1044O2",234,1.001754e-05,0.04553254,0.004156878
"235","F1044O2",235,1.001754e-05,0.03866422,0.003813484
"236","F1044O2",236,1.502631e-05,0.03527184,0.004120732
"237","F1044O2",237,1.502631e-05,0.03164552,0.003759264
"238","F1044O2",238,1.335672e-05,0.02589128,0.00371408
"239","F1044O2",239,1.335672e-05,0.022309496,0.003804448
"240","F1044O2",240,1.335672e-05,0.020521396,0.004120732
"241","F1044O2",241,8.34795e-06,0.016783636,0.003253208
"242","F1044O2",242,1.335672e-05,0.012784076,0.003677932
"243","F1044O2",243,2.170467e-05,0.012349588,0.003641784
"244","F1044O2",244,2.170467e-05,0.013597352,0.003659858
"245","F1044O2",245,2.337426e-05,0.016276732,0.003705042
"246","F1044O2",246,3.172221e-05,0.022638152,0.003885776
"247","F1044O2",247,2.838303e-05,0.029222372,0.003560456
"248","F1044O2",248,2.170467e-05,0.03487076,0.00365986
"249","F1044O2",249,2.170467e-05,0.03869764,0.003723116
"250","F1044O2",250,2.003508e-05,0.03839126,0.003786372
"251","F1044O2",251,1.168713e-05,0.03468694,0.004156876
"252","F1044O2",252,1.001754e-05,0.03054256,0.004247242
"253","F1044O2",253,8.34795e-06,0.02668784,0.003777334
"254","F1044O2",254,1.335672e-05,0.02341244,0.003795408
"255","F1044O2",255,1.335672e-05,0.02036542,0.003777334
"256","F1044O2",256,1.836549e-05,0.01824308,0.003533344
"257","F1044O2",257,1.836549e-05,0.01721256,0.003804444
"258","F1044O2",258,1.836549e-05,0.01629344,0.004165912
"259","F1044O2",259,1.502631e-05,0.01661652,0.003994214
"260","F1044O2",260,1.502631e-05,0.01888926,0.004012288
"261","F1044O2",261,1.001754e-05,0.02063838,0.004464122
"262","F1044O2",262,1.001754e-05,0.0230058,0.00450027
"263","F1044O2",263,1.168713e-05,0.02772394,0.00455449
"264","F1044O2",264,1.836549e-05,0.03199644,0.004464124
"265","F1044O2",265,2.337426e-05,0.037461,0.0043105
"266","F1044O2",266,2.337426e-05,0.04448528,0.00406651
"267","F1044O2",267,2.337426e-05,0.05054032,0.00393096
"268","F1044O2",268,2.170467e-05,0.05405526,0.00379541
"269","F1044O2",269,1.335672e-05,0.05607176,0.004138804
"270","F1044O2",270,1.335672e-05,0.0541834,0.004292428
"271","F1044O2",271,1.836549e-05,0.05021726,0.00393096
"272","F1044O2",272,2.003508e-05,0.04911988,0.003894812
"273","F1044O2",273,2.003508e-05,0.05217802,0.00420206
"274","F1044O2",274,2.170467e-05,0.0575646,0.00412073
"275","F1044O2",275,2.170467e-05,0.0612745,0.003867702
"276","F1044O2",276,1.836549e-05,0.0628008,0.004183986
"277","F1044O2",277,1.66959e-05,0.0611631,0.003723116
"278","F1044O2",278,1.66959e-05,0.05652852,0.003497198
"279","F1044O2",279,1.502631e-05,0.05113636,0.003605638
"280","F1044O2",280,1.001754e-05,0.0486408,0.003506236
"281","F1044O2",281,1.001754e-05,0.04744316,0.003461054
"282","F1044O2",282,1.001754e-05,0.04426802,0.003930962
"283","F1044O2",283,1.168713e-05,0.03741642,0.003813486
"284","F1044O2",284,1.168713e-05,0.02920008,0.00399422
"285","F1044O2",285,1.335672e-05,0.020432262,0.00407555
"286","F1044O2",286,1.335672e-05,0.01275624,0.004030366
"287","F1044O2",287,1.335672e-05,0.0069853,0.004093622
"288","F1044O2",288,1.335672e-05,0.004712574,0.003967108
"289","F1044O2",289,3.840053e-05,0.003604054,0.003262246
"290","F1044O2",290,0.00012187995,0.003303252,0.003614676
"291","F1044O2",291,0.00016862837,0.00339795,0.00382252
"292","F1044O2",292,0.00020035058,0.00593249,0.003623712
"293","F1044O2",293,0.00020035058,0.010299696,0.003840592
"294","F1044O2",294,0.00018031554,0.013363416,0.004292426
"295","F1044O2",295,0.00011353194,0.016221036,0.004165912
"296","F1044O2",296,8.347934e-05,0.02017602,0.003885774
"297","F1044O2",297,7.680094e-05,0.0232286,0.003705042
"298","F1044O2",298,0.00010017516,0.02474374,0.003352612
"299","F1044O2",299,0.0001235494,0.02694962,0.00363275
"300","F1044O2",300,0.00011019276,0.02865974,0.003506238
"301","F1044O2",301,9.349694e-05,0.02936162,0.003361652
"302","F1044O2",302,8.014024e-05,0.02881016,0.003894816
"303","F1044O2",303,0.00011019284,0.02781306,0.004111696
"304","F1044O2",304,0.00034059624,0.02541222,0.00360564
"305","F1044O2",305,0.00088822188,0.02308936,0.00374119
"306","F1044O2",306,0.0016061447,0.0201649,0.003840592
"307","F1044O2",307,0.00202688,0.01837122,0.003677932
"308","F1044O2",308,0.002157108,0.01680594,0.003912886
"309","F1044O2",309,0.0020936634,0.01696748,0.004355684
"310","F1044O2",310,0.0016729264,0.01831552,0.004455086
"311","F1044O2",311,0.0011119448,0.02056596,0.00433761
"312","F1044O2",312,0.0009783788,0.02215352,0.004156876
"313","F1044O2",313,0.0008581684,0.02393604,0.003650822
"314","F1044O2",314,0.0007246014,0.02563502,0.003397796
"315","F1044O2",315,0.0006244262,0.02809156,0.0034972
"316","F1044O2",316,0.00047082416,0.0305314,0.00360564
"317","F1044O2",317,0.00017697652,0.0326203,0.00384963
"318","F1044O2",318,0.00015360212,0.0344474,0.004102656
"319","F1044O2",319,0.00015360212,0.0349543,0.003804444
"320","F1044O2",320,0.0001369062,0.03318848,0.003939994
"321","F1044O2",321,0.00015360204,0.03004676,0.00400325
"322","F1044O2",322,0.00017029788,0.027178,0.003939994
"323","F1044O2",323,0.00018365468,0.02367422,0.004220132
"324","F1044O2",324,0.00014024528,0.018956088,0.00450027
"325","F1044O2",325,0.0001502628,0.01414326,0.00384963
"326","F1044O2",326,0.0002170464,0.01038324,0.004174952
"327","F1044O2",327,0.0002504382,0.006294568,0.004229172
"328","F1044O2",328,0.0002604558,0.002595812,0.0037683
"329","F1044O2",329,0.0003673096,0.0011753568,0.003677934
"330","F1044O2",330,0.000410719,0.0009692514,0.003912888
"331","F1044O2",331,0.000410719,0.000445633,0.003515274
"332","F1044O2",332,0.000430754,0.00020761132,0.003352614
"333","F1044O2",333,0.0004207364,0.00017975932,0.003677936
"334","F1044O2",334,0.0003305786,0.00015190734,0.003587568
"335","F1044O2",335,0.0004574672,6.835114e-05,0.003813484
"336","F1044O2",336,0.0004307538,6.278076e-05,0.003912888
"337","F1044O2",337,0.0004240756,0.00014483064,0.003542382
"338","F1044O2",338,0.0004407714,0.00025066844,0.003840592
"339","F1044O2",339,0.0004608064,0.00035093582,0.004301464
"340","F1044O2",340,0.0003072042,0.00035650624,0.00401229
"341","F1044O2",341,0.000340596,0.00035093584,0.00422917
"342","F1044O2",342,0.0003172216,0.00026888596,0.004708116
"343","F1044O2",343,0.0002738124,0.00013670248,0.003949034
"344","F1044O2",344,0.0003506134,7.542788e-05,0.003623712
"345","F1044O2",345,0.0004441104,0.00014227286,0.003397796
"346","F1044O2",346,0.0007246002,0.00018683604,0.003054402
"347","F1044O2",347,0.0011486758,0.00020761132,0.002927888
"348","F1044O2",348,0.0012121202,0.00022281622,0.00333454
"349","F1044O2",349,0.0012521904,0.00017825302,0.003054404
"350","F1044O2",350,0.0013790782,0.00011697844,0.003623714
"351","F1044O2",351,0.0010685358,8.355604e-05,0.003994218
"352","F1044O2",352,0.00060439016,7.798566e-05,0.003840594
"353","F1044O2",353,0.00057099836,7.241526e-05,0.00395807
"354","F1044O2",354,0.00044410956,0.00012811946,0.00450027
"355","F1044O2",355,0.00030386516,0.00013368984,0.004111692
"356","F1044O2",356,0.0002470991,0.00012811946,0.004102654
"357","F1044O2",357,0.00024375992,0.00014483064,0.004202058
"358","F1044O2",358,0.00024709912,0.00015040104,0.003795408
"359","F1044O2",359,0.00024375992,9.469684e-05,0.003768298
"360","F1044O2",360,0.00015694132,0.00011697844,0.003994216
"361","F1044O2",361,0.00018031558,0.00012811922,0.003433942
"362","F1044O2",362,0.00018699394,0.00011140804,0.00393096
"363","F1044O2",363,0.00018699394,0.00012254882,0.004247244
"364","F1044O2",364,0.00014692392,0.00014483042,0.00390385
"365","F1044O2",365,0.00012021046,0.00026737942,0.003750226
"366","F1044O2",366,0.00012354966,0.00026180902,0.004003254
"367","F1044O2",367,0.00019033312,0.00025623862,0.003442978
"368","F1044O2",368,0.00017363712,0.00022989294,0.003614674
"369","F1044O2",369,0.00018365464,0.00023546334,0.003930958
"370","F1044O2",370,0.00017697628,8.506236e-05,0.004093618
"371","F1044O2",371,0.00014191487,6.835116e-05,0.004391828
"372","F1044O2",372,7.179223e-05,6.278074e-05,0.004843664
"373","F1044O2",373,2.671342e-05,7.241524e-05,0.004780408
"374","F1044O2",374,1.502631e-05,6.127444e-05,0.0052955
"375","F1044O2",375,6.511393e-05,4.606954e-05,0.005964216
"376","F1044O2",376,8.681854e-05,6.835114e-05,0.006316648
"377","F1044O2",377,9.349688e-05,8.506234e-05,0.006858848
"378","F1044O2",378,0.00011186229,8.506234e-05,0.00764504
"379","F1044O2",379,0.0001636195,7.949196e-05,0.007157058
"380","F1044O2",380,0.0002270639,8.355604e-05,0.006723296
"381","F1044O2",381,0.0002537773,5.721036e-05,0.006470268
"382","F1044O2",382,0.0002537773,3.643508e-05,0.005666004
"383","F1044O2",383,0.0002871691,3.643508e-05,0.004870774
"384","F1044O2",384,0.0006878703,0.00013670246,0.00450027
"385","F1044O2",385,0.0017731031,0.00249855206,0.00417495
"386","F1044O2",386,0.0032657155,0.00825128574,0.003858666
"387","F1044O2",387,0.0042374168,0.01409871942,0.003939996
"388","F1044O2",388,0.004815094,0.0190173986,0.003759264
"389","F1044O2",389,0.004968696,0.0232899,0.003958072
"390","F1044O2",390,0.00454796,0.02336232,0.003885778
"391","F1044O2",391,0.004284164,0.01870545,0.00384963
"392","F1044O2",392,0.004921946,0.013480396,0.00393096
"393","F1044O2",393,0.005456214,0.0086898362,0.003723116
"394","F1044O2",394,0.00538943,0.0046122982,0.003623712
"395","F1044O2",395,0.005212454,0.0028186262,0.003939996
"396","F1044O2",396,0.00437766,0.0019997762,0.00406651
"397","F1044O2",397,0.003018614,0.0017268262,0.003741188
"398","F1044O2",398,0.0019901482,0.002517824,0.003958068
"399","F1044O2",399,0.0016695882,0.004712562,0.004075544
"400","F1044O2",400,0.0013390082,0.007553474,0.003551416
"401","F1044O2",401,0.0015861082,0.010372094,0.003605636
"402","F1044O2",402,0.0017964782,0.011564162,0.004174948
"403","F1044O2",403,0.002180484,0.01220476,0.003831554
"404","F1044O2",404,0.002460974,0.01132464,0.004039398
"405","F1044O2",405,0.002574506,0.00891822,0.00436472
"406","F1044O2",406,0.002103682,0.00820522,0.004852702
"407","F1044O2",407,0.001886634,0.011073976,0.006407006
"408","F1044O2",408,0.001746388,0.01304034,0.010374118
"409","F1044O2",409,0.001966774,0.013135036,0.015262966
"410","F1044O2",410,0.00263795,0.01319631,0.02026929
"411","F1044O2",411,0.003395942,0.011965244,0.02571842
"412","F1044O2",412,0.00422072,0.00843918,0.02829388
"413","F1044O2",413,0.00511562,0.00599376,0.02931502
"414","F1044O2",414,0.005776778,0.004968806,0.0272908
"415","F1044O2",415,0.0059237,0.00528075,0.02446232
"416","F1044O2",416,0.0058469,0.005965912,0.02112778
"417","F1044O2",417,0.005673262,0.006194298,0.01820894
"418","F1044O2",418,0.005626514,0.005982622,0.01522684
"419","F1044O2",419,0.005472912,0.006322416,0.01407918
"420","F1044O2",420,0.005740048,0.005681818,0.01404304
"421","F1044O2",421,0.006444614,0.00463458,0.01441354
"422","F1044O2",422,0.006818602,0.004116532,0.01754022
"423","F1044O2",423,0.005873614,0.00407197,0.02095608
"424","F1044O2",424,0.0047983982,0.003682042,0.02345924
"425","F1044O2",425,0.0035762582,0.004149956,0.02586298
"426","F1044O2",426,0.0022138742,0.004356062,0.02753476
"427","F1044O2",427,0.0011854082,0.004016266,0.02728174
"428","F1044O2",428,0.0010585196,0.003860294,0.02747152
"429","F1044O2",429,0.0009850576,0.003988412,0.0282306
"430","F1044O2",430,0.000818099,0.003314392,0.0302006
"431","F1044O2",431,0.0006277658,0.0024899708,0.0328845
"432","F1044O2",432,0.00038400534,0.0023507114,0.03602926
"433","F1044O2",433,0.00024709894,0.0019886354,0.03855048
"434","F1044O2",434,0.00022706394,0.0014315954,0.04107172
"435","F1044O2",435,0.00022706394,0.0010305274,0.04319536
"436","F1044O2",436,0.00032390014,0.0013369006,0.04505692
"437","F1044O2",437,0.000510894,0.002027632,0.0477589
"438","F1044O2",438,0.000604391,0.002523398,0.04859932
"439","F1044O2",439,0.0008414718,0.00296346,0.04643052
"440","F1044O2",440,0.0011687104,0.0035205,0.04321344
"441","F1044O2",441,0.0011887454,0.004021836,0.03919212
"442","F1044O2",442,0.0010752134,0.00436163,0.03534248
"443","F1044O2",443,0.0010785526,0.004467468,0.033499
"444","F1044O2",444,0.0011586926,0.004924242,0.0321435
"445","F1044O2",445,0.0016963006,0.00584893,0.0293602
"446","F1044O2",446,0.0029050826,0.006756906,0.02654978
"447","F1044O2",447,0.0044310872,0.006896166,0.02249232
"448","F1044O2",448,0.006070624,0.006868314,0.01743176
"449","F1044O2",449,0.007813678,0.00680704,0.014359282
"450","F1044O2",450,0.009606812,0.006016042,0.012461586
"451","F1044O2",451,0.011740552,0.004679144,0.0112326
"452","F1044O2",452,0.014248268,0.003776738,0.01318452
"453","F1044O2",453,0.01689958,0.0030525842,0.01890476
"454","F1044O2",454,0.0193138,0.002077762,0.028691498
"455","F1044O2",455,0.02136072,0.0012310596,0.040628954
"456","F1044O2",456,0.02300692,0.0007854274,0.05340684
"457","F1044O2",457,0.02438934,0.000423351,0.06434124
"458","F1044O2",458,0.02569162,0.0003119428,0.07070306
"459","F1044O2",459,0.02680356,0.000289661,0.07187782
"460","F1044O2",460,0.02868352,0.00024103372,0.072411
"461","F1044O2",461,0.03121796,0.00014633674,0.0719682
"462","F1044O2",462,0.03418984,0.00012962554,0.06807338
"463","F1044O2",463,0.0378529,7.542786e-05,0.06437738
"464","F1044O2",464,0.04246766,2.123018e-05,0.06136816
"465","F1044O2",465,0.04652476,2.123018e-05,0.05631664
"466","F1044O2",466,0.0499374,1.159568e-05,0.04981022
"467","F1044O2",467,0.0528525,1.159568e-05,0.04462316
"468","F1044O2",468,0.05523,2.123018e-05,0.0397343
"469","F1044O2",469,0.05701312,2.123018e-05,0.03663472
"470","F1044O2",470,0.05837884,3.643508e-05,0.03481836
"471","F1044O2",471,0.05877954,4.049916e-05,0.03490872
"472","F1044O2",472,0.05813174,0.00023546276,0.03651726
"473","F1044O2",473,0.0556908,0.00243578194,0.04126152
"474","F1044O2",474,0.05175056,0.00477385562,0.04509308
"475","F1044O2",475,0.04804408,0.0053810304,0.04683716
"476","F1044O2",476,0.04534602,0.0054255936,0.04870776
"477","F1044O2",477,0.0434193,0.0052529116,0.05234954
"478","F1044O2",478,0.04291176,0.003113867,0.05318092
"479","F1044O2",479,0.04375658,0.0009135472,0.05415688
"480","F1044O2",480,0.04421738,0.0003787878,0.05511476
"481","F1044O2",481,0.0439369,0.0003509358,0.05211458
"482","F1044O2",482,0.04337258,0.0003509358,0.04372852
"483","F1044O2",483,0.04292512,0.000328654,0.033661654
"484","F1044O2",484,0.04290174,0.000233957,0.023179096
"485","F1044O2",485,0.04323566,0.0002005344,0.014838234
"486","F1044O2",486,0.0437933,0.0002506682,0.010166274
"487","F1044O2",487,0.04409384,0.0002952316,0.008530634
"488","F1044O2",488,0.04349946,0.00027295,0.01027472
"489","F1044O2",489,0.04222724,0.0002618092,0.013374298
"490","F1044O2",490,0.04065448,0.0002283868,0.01646484
"491","F1044O2",491,0.03850072,0.000178253,0.02008854
"492","F1044O2",492,0.03512146,0.000111408,0.0227363
"493","F1044O2",493,0.03236998,8.506232e-05,0.02408276
"494","F1044O2",494,0.03025294,5.314624e-05,0.02495028
"495","F1044O2",495,0.02792888,4.200546e-05,0.02595336
"496","F1044O2",496,0.02552132,6.428706e-05,0.02560094
"497","F1044O2",497,0.02589532,7.542788e-05,0.02562804
"498","F1044O2",498,0.02835296,9.063278e-05,0.02523946
"499","F1044O2",499,0.0318691,9.469686e-05,0.0241641
"500","F1044O2",500,0.03714166,8.912644e-05,0.02110066
"501","F1044O2",501,0.04511562,5.013364e-05,0.01826314
"502","F1044O2",502,0.05245846,3.492874e-05,0.01698898
"503","F1044O2",503,0.058105,1.972384e-05,0.01649196
"504","F1044O2",504,0.06305366,1.565976e-05,0.01576902
"505","F1044O2",505,0.0675482,1.565976e-05,0.01575094
"506","F1044O2",506,0.07093078,1.159568e-05,0.015027998
"507","F1044O2",507,0.0739327,1.159568e-05,0.013329096
"508","F1044O2",508,0.07635362,1.159568e-05,0.012235656
"509","F1044O2",509,0.07756908,2.123018e-05,0.011928416
"510","F1044O2",510,0.0774689,0.00023847578,0.012389296
"511","F1044O2",511,0.07652058,0.00203064146,0.013916498
"512","F1044O2",512,0.07514484,0.00673613514,0.01567866
"513","F1044O2",513,0.07366224,0.01308488882,0.01566962
"514","F1044O2",514,0.0724568,0.019780528,0.01593168
"515","F1044O2",515,0.07108774,0.025651732,0.01623892
"516","F1044O2",516,0.0699424,0.02828654,0.0159407
"517","F1044O2",517,0.06844646,0.02639816,0.01466652
"518","F1044O2",518,0.06677686,0.022008684,0.01432314
"519","F1044O2",519,0.0658586,0.016772492,0.013030898
"520","F1044O2",520,0.06531764,0.011424906,0.011313932
"521","F1044O2",521,0.06368144,0.007525614,0.010401232
"522","F1044O2",522,0.0614876,0.0048796768,0.008964398
"523","F1044O2",523,0.05918358,0.0030692938,0.008313752
"524","F1044O2",524,0.05519326,0.0024286978,0.008630034
"525","F1044O2",525,0.05047166,0.0021223258,0.008801732
"526","F1044O2",526,0.04573004,0.0023395718,0.007708294
"527","F1044O2",527,0.04173972,0.002545677,0.008015542
"528","F1044O2",528,0.03839052,0.0025568178,0.007464304
"529","F1044O2",529,0.0359763,0.0017769594,0.005783482
"530","F1044O2",530,0.03497122,0.0015819954,0.004861738
"531","F1044O2",531,0.03450372,0.0012143494,0.004807518
"532","F1044O2",532,0.03438016,0.0010528074,0.004599674
"533","F1044O2",533,0.03364888,0.000963681,0.004681004
"534","F1044O2",534,0.0319125,0.0011307934,0.005367792
"535","F1044O2",535,0.02902078,0.0013591794,0.00578348
"536","F1044O2",536,0.02578178,0.0019997774,0.006262424
"537","F1044O2",537,0.02263294,0.0039438514,0.005656966
"538","F1044O2",538,0.020192,0.007091136,0.005611782
"539","F1044O2",539,0.01874948,0.01021057,0.005385866
"540","F1044O2",540,0.0169797,0.012154646,0.005042472
"541","F1044O2",541,0.01567408,0.013090474,0.00398518
"542","F1044O2",542,0.01454544,0.01237746,0.004355684
"543","F1044O2",543,0.012672166,0.009653526,0.00420206
"544","F1044O2",544,0.01044159,0.0064171134,0.003714078
"545","F1044O2",545,0.00872192,0.0042167994,0.003452014
"546","F1044O2",546,0.007513146,0.0026292334,0.003741188
"547","F1044O2",547,0.007105766,0.0016377014,0.00327128
"548","F1044O2",548,0.00873862,0.0014761594,0.003452014
"549","F1044O2",549,0.011697136,0.001442737,0.003967106
"550","F1044O2",550,0.016278486,0.00123663182,0.004301464
"551","F1044O2",551,0.02302362,0.00089126542,0.004635822
"552","F1044O2",552,0.0318858,0.00045677302,0.004852702
"553","F1044O2",553,0.042284,0.00014483062,0.004256282
"554","F1044O2",554,0.05277236,0.00017268262,0.004328574
"555","F1044O2",555,0.0620319,0.000339795,0.004464124
"556","F1044O2",556,0.06767846,0.0006350274,0.00452738
"557","F1044O2",557,0.06761168,0.0011920678,0.005205132
"558","F1044O2",558,0.06283332,0.0012811944,0.006144946
"559","F1044O2",559,0.0576676,0.0012589128,0.005882882
"560","F1044O2",560,0.05380418,0.0015151516,0.006153982
"561","F1044O2",561,0.04941316,0.0018995096,0.00605458
"562","F1044O2",562,0.04470158,0.0023729956,0.005693112
"563","F1044O2",563,0.04015028,0.0027406434,0.00477137
"564","F1044O2",564,0.0337257,0.003676472,0.004536416
"565","F1044O2",565,0.02594206,0.00432821,0.003650822
"566","F1044O2",566,0.0203623,0.004629012,0.00351527
"567","F1044O2",567,0.01771766,0.00460673,0.003668894
"568","F1044O2",568,0.01653892,0.004595588,0.004247242
"569","F1044O2",569,0.0167159,0.004194518,0.004979214
"570","F1044O2",570,0.01644544,0.004005124,0.005810588
"571","F1044O2",571,0.01532346,0.003258688,0.00616302
"572","F1044O2",572,0.013820836,0.0023952742,0.006560634
"573","F1044O2",573,0.011670416,0.0033366742,0.006036506
"574","F1044O2",574,0.008808744,0.0061998602,0.005666002
"575","F1044O2",575,0.006511386,0.0108400042,0.006009396
"576","F1044O2",576,0.00473829,0.0169228862,0.00624435
"577","F1044O2",577,0.003803322,0.023223014,0.005928066
"578","F1044O2",578,0.00450455,0.02731726,0.006632928
"579","F1044O2",579,0.005486268,0.02675466,0.006515452
"580","F1044O2",580,0.006230904,0.02395832,0.005385866
"581","F1044O2",581,0.006417898,0.02103386,0.004906922
"582","F1044O2",582,0.005967108,0.01695632,0.004924996
"583","F1044O2",583,0.004554636,0.01353052,0.00486174
"584","F1044O2",584,0.003512814,0.0138536,0.005412978
"585","F1044O2",585,0.002617916,0.013965,0.0062805
"586","F1044O2",586,0.002217214,0.01340796,0.006614856
"587","F1044O2",587,0.002370816,0.01332998,0.007491416
"588","F1044O2",588,0.00251774,0.012566836,0.008413166
"589","F1044O2",589,0.002617916,0.010305248,0.008792706
"590","F1044O2",590,0.002918442,0.00814951,0.00994037
"591","F1044O2",591,0.00284498,0.005726382,0.010509682
"592","F1044O2",592,0.002304034,0.003693182,0.009922296
"593","F1044O2",593,0.0019033318,0.0024899742,0.00912706
"594","F1044O2",594,0.00142916768,0.0015875672,0.008422198
"595","F1044O2",595,0.00072794004,0.0009581102,0.006813664
"596","F1044O2",596,0.00030386522,0.0012533422,0.005638894
"597","F1044O2",597,0.00015694142,0.0034146622,0.004753298
"598","F1044O2",598,0.00013356722,0.008355614,0.004409904
"599","F1044O2",599,0.00017029814,0.014655749,0.004102658
"600","F1044O2",600,0.00017697648,0.020365424,0.003831558
"601","F1044O2",601,0.00017697648,0.02410316,0.003714082
"602","F1044O2",602,0.00014024546,0.02576314,0.00394
"603","F1044O2",603,8.681856e-05,0.02376336,0.00391289
"604","F1044O2",604,4.007012e-05,0.019340454,0.003605642
"605","F1044O2",605,6.010522e-05,0.015028952,0.003668898
"606","F1044O2",606,7.012274e-05,0.011920672,0.004003254
"607","F1044O2",607,6.845315e-05,0.009341574,0.00409362
"608","F1044O2",608,5.843563e-05,0.009252454,0.00422917
"609","F1044O2",609,5.509645e-05,0.0138759,0.004924996
"610","F1044O2",610,2.337424e-05,0.018421362,0.005232244
"611","F1044O2",611,1.168713e-05,0.021980862,0.005431052
"612","F1044O2",612,1.168713e-05,0.0234403,0.005458162
"613","F1044O2",613,1.502631e-05,0.02412546,0.005096694
"614","F1044O2",614,1.335672e-05,0.0199922,0.004699078
"615","F1044O2",615,1.502631e-05,0.0176192,0.00463582
"616","F1044O2",616,1.502631e-05,0.01687832,0.004129766
"617","F1044O2",617,8.014032e-05,0.0193683,0.003632748
"618","F1044O2",618,0.00019033316,0.02528408,0.003894812
"619","F1044O2",619,0.00034894397,0.03555036,0.003397794
"620","F1044O2",620,0.00047249359,0.04300356,0.003343574
"621","F1044O2",621,0.0005409468,0.04734292,0.003605638
"622","F1044O2",622,0.0005209116,0.04938726,0.004021326
"623","F1044O2",623,0.0005743384,0.04670232,0.003777336
"624","F1044O2",624,0.0005409468,0.040664,0.004220134
"625","F1044O2",625,0.00052759,0.03723264,0.0037683
"626","F1044O2",626,0.0004941982,0.03509916,0.003596602
"627","F1044O2",627,0.0006110694,0.03156196,0.003921922
"628","F1044O2",628,0.0006177478,0.02685496,0.003930958
"629","F1044O2",629,0.0005943734,0.02195299,0.004138802
"630","F1044O2",630,0.000587695,0.01661097,0.004409902
"631","F1044O2",631,0.0005776774,0.01549689,0.00450027
"632","F1044O2",632,0.0004274145,0.01420455,0.004319538
"633","F1044O2",633,0.0003172217,0.013162884,0.004671968
"634","F1044O2",634,0.0003038651,0.012544568,0.004690042
"635","F1044O2",635,0.0002237249,0.012377448,0.004771372
"636","F1044O2",636,0.00020035068,0.011519608,0.004726188
"637","F1044O2",637,0.00018866357,0.014655748,0.004563526
"638","F1044O2",638,0.00015527177,0.020710774,0.004301462
"639","F1044O2",639,0.00024542957,0.0266544,0.004346646
"640","F1044O2",640,0.00026546457,0.03385136,0.00450027
"641","F1044O2",641,0.00036897899,0.03950534,0.00477137
"642","F1044O2",642,0.0005209116,0.04323194,0.005015362
"643","F1044O2",643,0.00056766,0.04347704,0.004798482
"644","F1044O2",644,0.0004107186,0.03877562,0.004934032
"645","F1044O2",645,0.00038066608,0.03151738,0.004554492
"646","F1044O2",646,0.00029718668,0.02681594,0.004147842
"647","F1044O2",647,0.00020035048,0.02613078,0.004202062
"648","F1044O2",648,0.00013690616,0.02828096,0.004202062
"649","F1044O2",649,0.00014358456,0.0370822,0.003723118
"650","F1044O2",650,0.00015026288,0.04617868,0.004328576
"651","F1044O2",651,0.00017363708,0.04913658,0.004545456
"652","F1044O2",652,0.00016361948,0.04460784,0.004093622
"653","F1044O2",653,0.000173637,0.03731618,0.00456353
"654","F1044O2",654,0.0002170462,0.0284648,0.005123804
"655","F1044O2",655,0.00020368954,0.018789002,0.004798482
"656","F1044O2",656,0.00020035034,0.012110072,0.004798482
"657","F1044O2",657,0.00018365454,0.008946078,0.00471715
"658","F1044O2",658,0.00017029784,0.00763146,0.004256278
"659","F1044O2",659,0.00013690624,0.006584224,0.004129764
"660","F1044O2",660,0.00013022788,0.005904634,0.003985178
"661","F1044O2",661,9.683622e-05,0.005041222,0.003876738
"662","F1044O2",662,7.346198e-05,0.005124778,0.004409904
"663","F1044O2",663,7.680116e-05,0.006784756,0.005277428
"664","F1044O2",664,0.00021704656,0.009113192,0.004708116
"665","F1044O2",665,0.00027047338,0.01302362,0.004906924
"666","F1044O2",666,0.00028383004,0.016143042,0.005964216
"667","F1044O2",667,0.00038066608,0.01807598,0.006370866
"668","F1044O2",668,0.0004808414,0.01822638,0.006352792
"669","F1044O2",669,0.0003706486,0.016432704,0.00641605
"670","F1044O2",670,0.0003806662,0.013090456,0.006163022
"671","F1044O2",671,0.0004641456,0.010394384,0.0052955
"672","F1044O2",672,0.0004374322,0.007815278,0.004446052
"673","F1044O2",673,0.0003840054,0.005564838,0.00338876
"674","F1044O2",674,0.0003439352,0.004545454,0.00357853
"675","F1044O2",675,0.00028382996,0.003921568,0.003831558
"676","F1044O2",676,0.00018365472,0.003487076,0.003723118
"677","F1044O2",677,0.00010852331,0.003275402,0.003876742
"678","F1044O2",678,4.67485e-05,0.0028687614,0.004138806
"679","F1044O2",679,2.003508e-05,0.0021780296,0.003967108
"680","F1044O2",680,5.342692e-05,0.0015095814,0.00395807
"681","F1044O2",681,5.008774e-05,0.0009915334,0.003804446
"682","F1044O2",682,0.00013189755,0.0009748214,0.003424904
"683","F1044O2",683,0.00016028056,0.001275624,0.00356949
"684","F1044O2",684,0.00016361974,0.0014037438,0.003560454
"685","F1044O2",685,0.00018699394,0.001721258,0.003180914
"686","F1044O2",686,0.00021704656,0.001899512,0.003641786
"687","F1044O2",687,0.00016028056,0.0015430056,0.004382796
"688","F1044O2",688,0.00017363716,0.00112522442,0.00453642
"689","F1044O2",689,0.0001803155,0.00095254142,0.0047533
"690","F1044O2",690,0.00012688864,0.00053069574,0.004906924
"691","F1044O2",691,9.683602e-05,0.00010734414,0.004337612
"692","F1044O2",692,8.014016e-05,0.00028002694,0.00417495
"693","F1044O2",693,4.007014e-05,0.00027445652,0.003677932
"694","F1044O2",694,3.33918e-05,0.00024660432,0.003569492
"695","F1044O2",695,0.00013356706,0.0002506684,0.004183986
"696","F1044O2",696,0.00014692376,0.00024660432,0.00455449
"697","F1044O2",697,0.00015026292,6.278074e-05,0.004355684
"698","F1044O2",698,0.00015694128,6.278074e-05,0.004834628
"699","F1044O2",699,0.00016361962,2.529426e-05,0.00537683
"700","F1044O2",700,7.680102e-05,2.123018e-05,0.005033436
"701","F1044O2",701,6.177473e-05,2.123018e-05,0.004961142
"702","F1044O2",702,5.175721e-05,1.159568e-05,0.005060546
"703","F1044O2",703,6.845307e-05,0.00012300388,0.004699078
"704","F1044O2",704,0.00015861077,0.00088464356,0.004129766
"705","F1044O2",705,0.00018198497,0.00150145324,0.003840592
"706","F1044O2",706,0.00024042058,0.00191215692,0.003777336
"707","F1044O2",707,0.0002604556,0.0020053476,0.003949032
"708","F1044O2",708,0.00023541179,0.0018939394,0.003994216
"709","F1044O2",709,0.00015527159,0.00113229972,0.003777336
"710","F1044O2",710,0.00021203759,0.00053626532,0.004075546
"711","F1044O2",711,0.00030219539,0.00030230852,0.00439183
"712","F1044O2",712,0.00030219539,0.00083706752,0.003903848
"713","F1044O2",713,0.0003239,0.00181745912,0.004409902
"714","F1044O2",714,0.0003272392,0.0032698308,0.004979214
"715","F1044O2",715,0.0002938476,0.0057653692,0.004816554
"716","F1044O2",716,0.0002571166,0.009614516,0.00469004
"717","F1044O2",717,0.0002470991,0.01349152,0.004780408
"718","F1044O2",718,0.0003372569,0.016934038,0.004427978
"719","F1044O2",719,0.0005810175,0.01947414,0.00447316
"720","F1044O2",720,0.0007746887,0.01990306,0.004292426
"721","F1044O2",721,0.0007746887,0.017741748,0.004003252
"722","F1044O2",722,0.0008014022,0.013625216,0.004274352
"723","F1044O2",723,0.0007179228,0.009854044,0.00441894
"724","F1044O2",724,0.0005175716,0.006249992,0.00379541
"725","F1044O2",725,0.0003439354,0.0034146602,0.004111694
"726","F1044O2",726,0.0003005262,0.0015819946,0.004536418
"727","F1044O2",727,0.00026713436,0.0014984386,0.004274354
"728","F1044O2",728,0.00028716936,0.0009246868,0.003813482
"729","F1044O2",729,0.00027381256,0.000579322,0.003804444
"730","F1044O2",730,0.00020368976,0.0007464338,0.003614674
"731","F1044O2",731,0.00013690614,0.0008077084,0.00340683
"732","F1044O2",732,0.00013356696,0.00050284272,0.003424904
"733","F1044O2",733,0.00010685356,0.00053626512,0.003524308
"734","F1044O2",734,7.346176e-05,0.00061425092,0.00428339
"735","F1044O2",735,5.509635e-05,0.00054740692,0.004735224
"736","F1044O2",736,0.00010518397,0.00045828032,0.004653894
"737","F1044O2",737,0.00018532419,0.00045828032,0.004888848
"738","F1044O2",738,0.00024542939,0.00034687212,0.005250316
"739","F1044O2",739,0.00033224799,0.00023546394,0.0052955
"740","F1044O2",740,0.0003940228,2.935834e-05,0.005232244
"741","F1044O2",741,0.0003639702,3.492876e-05,0.005313574
"742","F1044O2",742,0.0003138826,5.570404e-05,0.005006326
"743","F1044O2",743,0.00028383,0.00014483064,0.004897884
"744","F1044O2",744,0.0002237248,0.00015040104,0.004328572
"745","F1044O2",745,0.0001836546,0.00015040104,0.003479122
"746","F1044O2",746,0.00017029794,0.00015040104,0.003686966
"747","F1044O2",747,0.00015360202,0.00013926026,0.003930956
"748","F1044O2",748,0.00011019276,4.606958e-05,0.003714076
"749","F1044O2",749,9.683616e-05,3.492876e-05,0.003985178
"750","F1044O2",750,0.00010017536,5.163996e-05,0.00450027
"751","F1044O2",751,9.182741e-05,4.200546e-05,0.003759262
"752","F1044O2",752,8.514907e-05,0.00044864464,0.003885776
"753","F1044O2",753,7.847071e-05,0.00136625632,0.00382252
"754","F1044O2",754,4.507889e-05,0.00197900192,0.003578528
"755","F1044O2",755,2.003508e-05,0.00258060632,0.003641784
"756","F1044O2",756,2.003508e-05,0.003904858,0.004147838
"757","F1044O2",757,2.337424e-05,0.00486854,0.003777334
"758","F1044O2",758,4.340926e-05,0.00486854,0.004247242
"759","F1044O2",759,5.676596e-05,0.0044619,0.004563526
"760","F1044O2",760,6.177473e-05,0.004222372,0.004274352
"761","F1044O2",761,6.344432e-05,0.003576204,0.004355682
"762","F1044O2",762,7.012262e-05,0.002757354,0.00452738
"763","F1044O2",763,0.00010017522,0.002200312,0.004111692
"764","F1044O2",764,0.00016361954,0.0021724596,0.003741188
"765","F1044O2",765,0.00017029788,0.0019496434,0.003668896
"766","F1044O2",766,0.0002704731,0.0016154194,0.003316466
"767","F1044O2",767,0.0003639701,0.0011809268,0.00352431
"768","F1044O2",768,0.00031388248,0.0010528088,0.003397796
"769","F1044O2",769,0.00023708146,0.0009915342,0.00344298
"770","F1044O2",770,0.00022706394,0.0010750904,0.003777336
"771","F1044O2",771,0.00012521913,0.0008634142,0.003994216
"772","F1044O2",772,1.335672e-05,0.0013368988,0.00340683
"773","F1044O2",773,1.168713e-05,0.0015040108,0.003506234
"774","F1044O2",774,1.001754e-05,0.0016488418,0.003686968
"775","F1044O2",775,8.34795e-06,0.0015541448,0.003488162
"776","F1044O2",776,8.34795e-06,0.001793673,0.003732154
"777","F1044O2",777,8.34795e-06,0.001520723,0.003930962
"778","F1044O2",778,8.34795e-06,0.002033201,0.00426532
"779","F1044O2",779,8.34795e-06,0.002010919,0.004798484
"780","F1044O2",780,8.34795e-06,0.00186202432,0.005322612
"781","F1044O2",781,1.001754e-05,0.00152222872,0.005422014
"782","F1044O2",782,1.168713e-05,0.00127713092,0.005557564
"783","F1044O2",783,1.168713e-05,0.00040257572,0.00545816
"784","F1044O2",784,1.335672e-05,0.00034130132,0.004681004
"785","F1044O2",785,1.335672e-05,0.0004957664,0.00444605
"786","F1044O2",786,1.335672e-05,0.001063948,0.004057474
"787","F1044O2",787,1.168713e-05,0.0012477718,0.003894814
"788","F1044O2",788,1.168713e-05,0.0013424688,0.004030364
"789","F1044O2",789,1.168713e-05,0.0015374332,0.004138806
"790","F1044O2",790,1.168713e-05,0.0015095812,0.003804448
"791","F1044O2",791,1.001754e-05,0.0012700532,0.003840594
"792","F1044O2",792,1.001754e-05,0.001080659,0.00368697
"793","F1044O2",793,1.168713e-05,0.0010138142,0.003307428
"794","F1044O2",794,4.173975e-05,0.0010193842,0.00321706
"795","F1044O2",795,4.340934e-05,0.0018660868,0.003578528
"796","F1044O2",796,7.179235e-05,0.0030470148,0.00343394
"797","F1044O2",797,9.349696e-05,0.006717909,0.003831554
"798","F1044O2",798,9.683614e-05,0.012377444,0.003930958
"799","F1044O2",799,6.511393e-05,0.020181586,0.003858664
"800","F1044O2",800,6.845311e-05,0.032046564,0.00365082
"801","F1044O2",801,5.175721e-05,0.04765486,0.003705042
"802","F1044O2",802,4.173971e-05,0.05983178,0.003442978
"803","F1044O2",803,4.507889e-05,0.06647172,0.003533346
"804","F1044O2",804,4.674848e-05,0.06849936,0.003569494
"805","F1044O2",805,4.34093e-05,0.0626003,0.0034972
"806","F1044O2",806,3.339178e-05,0.04992204,0.004048438
"807","F1044O2",807,2.671344e-05,0.04102052,0.00483463
"808","F1044O2",808,1.836549e-05,0.03863638,0.005033436
"809","F1044O2",809,1.66959e-05,0.04201762,0.005250316
"810","F1044O2",810,1.502631e-05,0.05060162,0.006063618
"811","F1044O2",811,1.502631e-05,0.06101272,0.005846736
"812","F1044O2",812,1.836549e-05,0.066533,0.005403938
"813","F1044O2",813,3.00526e-05,0.0627674,0.005205132
"814","F1044O2",814,3.172219e-05,0.05372662,0.005476232
"815","F1044O2",815,3.172219e-05,0.04445746,0.005042472
"816","F1044O2",816,4.173971e-05,0.03462568,0.004617748
"817","F1044O2",817,3.506135e-05,0.02585786,0.00428339
"818","F1044O2",818,2.337424e-05,0.02127898,0.004382792
"819","F1044O2",819,2.170465e-05,0.017034322,0.004183986
"820","F1044O2",820,2.170465e-05,0.01116867,0.003849628
"821","F1044O2",821,1.001754e-05,0.0063001336,0.004193022
"822","F1044O2",822,8.34795e-06,0.0026960764,0.004382794
"823","F1044O2",823,8.34795e-06,0.0012310592,0.004446052
"824","F1044O2",824,8.34795e-06,0.0010082438,0.004635822
"825","F1044O2",825,1.335672e-05,0.0012254898,0.004545454
"826","F1044O2",826,1.836549e-05,0.0021334662,0.004319538
"827","F1044O2",827,2.337426e-05,0.0026403734,0.004635822
"828","F1044O2",828,2.337426e-05,0.0029634566,0.004373758
"829","F1044O2",829,2.337426e-05,0.00396613,0.00401229
"830","F1044O2",830,1.836549e-05,0.004122102,0.004382796
"831","F1044O2",831,1.335672e-05,0.0031974142,0.00483463
"832","F1044O2",832,8.34795e-06,0.002679366,0.004355684
"833","F1044O2",833,8.34795e-06,0.0023618532,0.004708114
"834","F1044O2",834,8.34795e-06,0.001348039,0.004997288
"835","F1044O2",835,8.34795e-06,0.0006684492,0.004599672
"836","F1044O2",836,8.34795e-06,0.0005626116,0.004482194
"837","F1044O2",837,8.34795e-06,0.0007520058,0.004545452
"838","F1044O2",838,8.34795e-06,0.0012366306,0.004382792
"839","F1044O2",839,4.340936e-05,0.0013424684,0.004039398
"840","F1044O2",840,4.507895e-05,0.0013313276,0.004084582
"841","F1044O2",841,4.507895e-05,0.0013591796,0.003533344
"842","F1044O2",842,9.349696e-05,0.0013090456,0.0035966
"843","F1044O2",843,9.349696e-05,0.0006851604,0.003632746
"844","F1044O2",844,9.349696e-05,0.0005347592,0.003668894
"845","F1044O2",845,0.00010351448,0.0005236184,0.004030362
"846","F1044O2",846,0.00010852325,0.0004400622,0.004455086
"847","F1044O2",847,6.177483e-05,0.0001671122,0.004211096
"848","F1044O2",848,6.177483e-05,0.00013926022,0.003994216
"849","F1044O2",849,2.838301e-05,0.00014483062,0.003795408
"850","F1044O2",850,1.836549e-05,8.912642e-05,0.00354238
"851","F1044O2",851,2.504383e-05,0.00025066822,0.003840592
"852","F1044O2",852,2.838301e-05,0.00257909622,0.003605638
"853","F1044O2",853,3.339178e-05,0.0082664754,0.003614676
"854","F1044O2",854,3.339178e-05,0.0158645226,0.00414784
"855","F1044O2",855,3.172219e-05,0.0243092722,0.004138804
"856","F1044O2",856,2.504385e-05,0.03063168,0.003858666
"857","F1044O2",857,2.170467e-05,0.03142826,0.00433761
"858","F1044O2",858,2.170467e-05,0.02681597,0.004283388
"859","F1044O2",859,2.003508e-05,0.020192744,0.003714078
"860","F1044O2",860,2.003508e-05,0.014093144,0.003623712
"861","F1044O2",861,1.66959e-05,0.010132584,0.003198988
"862","F1044O2",862,3.673092e-05,0.009803924,0.003307428
"863","F1044O2",863,4.674844e-05,0.012204774,0.003759264
"864","F1044O2",864,7.179225e-05,0.01377006,0.003885776
"865","F1044O2",865,8.347936e-05,0.01461118,0.003759262
"866","F1044O2",866,0.00011019278,0.013931596,0.00412073
"867","F1044O2",867,0.00014358458,0.01184826,0.004165914
"868","F1044O2",868,0.0002404207,0.0084614474,0.003542382
"869","F1044O2",869,0.0005509633,0.0073250834,0.003677934
"870","F1044O2",870,0.0010985886,0.0061553034,0.00379541
"871","F1044O2",871,0.001716336,0.0073306674,0.003696006
"872","F1044O2",872,0.002454294,0.0098707834,0.003705044
"873","F1044O2",873,0.003239,0.011358082,0.003894814
"874","F1044O2",874,0.003876784,0.011241104,0.00417495
"875","F1044O2",875,0.004604724,0.01078433,0.004662932
"876","F1044O2",876,0.00511228,0.008773404,0.004644858
"877","F1044O2",877,0.005085566,0.006211006,0.004400866
"878","F1044O2",878,0.004678188,0.0058545,0.004599674
"879","F1044O2",879,0.004033726,0.007447642,0.004581602
"880","F1044O2",880,0.002915102,0.010633916,0.004193024
"881","F1044O2",881,0.0019033306,0.015290782,0.004373758
"882","F1044O2",882,0.0013456886,0.02267714,0.004536418
"883","F1044O2",883,0.0014191486,0.0293672,0.004102656
"884","F1044O2",884,0.0020068446,0.0333779,0.004183986
"885","F1044O2",885,0.0028716906,0.0328877,0.004644858
"886","F1044O2",886,0.003419316,0.03456996,0.004581602
"887","F1044O2",887,0.003789964,0.03434716,0.004979218
"888","F1044O2",888,0.00360631,0.03337792,0.005756374
"889","F1044O2",889,0.003045328,0.03091022,0.005431052
"890","F1044O2",890,0.00238751,0.03040888,0.00537683
"891","F1044O2",891,0.002066948,0.02577988,0.005521416
"892","F1044O2",892,0.001766422,0.01999778,0.004952104
"893","F1044O2",893,0.0015660716,0.01519608,0.004509306
"894","F1044O2",894,0.001255528,0.01312388,0.00455449
"895","F1044O2",895,0.000955003,0.011296792,0.00422917
"896","F1044O2",896,0.00060439,0.00991532,0.004156878
"897","F1044O2",897,0.0004140578,0.00877896,0.004319538
"898","F1044O2",898,0.0004474502,0.007375214,0.004726188
"899","F1044O2",899,0.0005876958,0.005375442,0.005060546
"900","F1044O2",900,0.0007813688,0.004161092,0.004979216
"901","F1044O2",901,0.0009383102,0.003347812,0.004599674
"902","F1044O2",902,0.0009783802,0.002684934,0.004726188
"903","F1044O2",903,0.0009616836,0.002178028,0.004400868
"904","F1044O2",904,0.0010985896,0.001999776,0.003912886
"905","F1044O2",905,0.0012354956,0.001431595,0.00406651
"906","F1044O2",906,0.0015126472,0.0009246886,0.00428339
"907","F1044O2",907,0.0016829454,0.000657309,0.00409362
"908","F1044O2",908,0.001562735,0.0005514708,0.004319538
"909","F1044O2",909,0.001495951,0.0004400622,0.004102658
"910","F1044O2",910,0.001335671,0.0004567734,0.003750226
"911","F1044O2",911,0.0009416482,0.0008355618,0.003614676
"912","F1044O2",912,0.0006644964,0.0009413996,0.003560456
"913","F1044O2",913,0.0006210872,0.0008689844,0.00302729
"914","F1044O2",914,0.0004073804,0.000824421,0.00343394
"915","F1044O2",915,0.0002637948,0.000768717,0.004039398
"916","F1044O2",916,0.000267134,0.0004512032,0.00447316
"917","F1044O2",917,0.00025043816,0.0003342246,0.005024398
"918","F1044O2",918,0.00025043816,0.00027445632,0.00543105
"919","F1044O2",919,0.00054762496,0.00022989314,0.005205134
"920","F1044O2",920,0.00074463656,0.00024660434,0.005313576
"921","F1044O2",921,0.00074129736,0.00104874414,0.004798484
"922","F1044O2",922,0.0007947242,0.00214611454,0.004301466
"923","F1044O2",923,0.0009383088,0.00303030422,0.004744264
"924","F1044O2",924,0.0012956008,0.0037098934,0.0050244
"925","F1044O2",925,0.0022639628,0.004172238,0.004653894
"926","F1044O2",926,0.0040971716,0.004395054,0.004861738
"927","F1044O2",927,0.0063644664,0.0040664,0.004897884
"928","F1044O2",928,0.00856833,0.004133244,0.004066508
"929","F1044O2",929,0.010631942,0.004005126,0.003659858
"930","F1044O2",930,0.012501874,0.004116534,0.003379722
"931","F1044O2",931,0.01414808,0.003732176,0.003262244
"932","F1044O2",932,0.01552048,0.003163994,0.00335261
"933","F1044O2",933,0.01684612,0.0023005806,0.003497198
"934","F1044O2",934,0.01753398,0.0017658206,0.003705042
"935","F1044O2",935,0.01682274,0.0012143496,0.003894812
"936","F1044O2",936,0.01536686,0.000646167,0.003813482
"937","F1044O2",937,0.013019426,0.000629457,0.003334538
"938","F1044O2",938,0.010571816,0.0006461682,0.003560454
"939","F1044O2",939,0.00905584,0.00063502742,0.003741188
"940","F1044O2",940,0.007780276,0.00049576724,0.00354238
"941","F1044O2",941,0.00616746,0.00035650706,0.004644856
"942","F1044O2",942,0.00519242,0.00016711228,0.006596782
"943","F1044O2",943,0.004183988,6.27808e-05,0.00897343
"944","F1044O2",944,0.002400867,7.392158e-05,0.011829024
"945","F1044O2",945,0.0013323304,7.392158e-05,0.01444966
"946","F1044O2",946,0.0009950734,0.00010734396,0.014594248
"947","F1044O2",947,0.0008414714,0.00016861854,0.013627322
"948","F1044O2",948,0.0006811912,0.00017825304,0.011341042
"949","F1044O2",949,0.0006110684,0.00015597144,0.008386044
"950","F1044O2",950,0.0006344426,0.00017268262,0.00606362
"951","F1044O2",951,0.0007279396,0.00016154182,0.00499729
"952","F1044O2",952,0.0005643208,9.469684e-05,0.004337612
"953","F1044O2",953,0.0005175722,0.00049576602,0.004482198
"954","F1044O2",954,0.000587695,0.00056818142,0.004753298
"955","F1044O2",955,0.000530929,0.00055704064,0.004545454
"956","F1044O2",956,0.0003272392,0.00067401924,0.004897886
"957","F1044O2",957,0.00028382988,0.00069630082,0.004897886
"958","F1044O2",958,0.00036730948,0.00028559714,0.004473162
"959","F1044O2",959,0.00026379488,0.00025217454,0.004545456
"960","F1044O2",960,0.00026045568,0.00034130112,0.004545456
"961","F1044O2",961,0.00029384748,0.00061425172,0.004165914
"962","F1044O2",962,0.0004040404,0.00119914532,0.004328574
"963","F1044O2",963,0.0003172218,0.001225491,0.004617748
"964","F1044O2",964,0.0003138826,0.00119763902,0.004102656
"965","F1044O2",965,0.0002905084,0.00118649822,0.00414784
"966","F1044O2",966,0.00023708158,0.00082442122,0.004220134
"967","F1044O2",967,0.00012688866,0.00035093582,0.004003254
"968","F1044O2",968,0.00011353186,0.00084670182,0.003750226
"969","F1044O2",969,8.01402e-05,0.0010918006,0.003777336
"970","F1044O2",970,5.843559e-05,0.0011196526,0.003515272
"971","F1044O2",971,5.843559e-05,0.0013146176,0.003587566
"972","F1044O2",972,4.34093e-05,0.001648843,0.003831556
"973","F1044O2",973,2.003508e-05,0.001543005,0.004418942
"974","F1044O2",974,7.346194e-05,0.001570857,0.006126868
"975","F1044O2",975,0.00010852335,0.001810384,0.008657136
"976","F1044O2",976,0.00012855837,0.00245098,0.01168442
"977","F1044O2",977,0.00013690632,0.00355949,0.015380434
"978","F1044O2",978,0.00015694134,0.003576202,0.01876016
"979","F1044O2",979,0.00012688874,0.0034258002,0.01987168
"980","F1044O2",980,0.00014024534,0.0032754002,0.01963674
"981","F1044O2",981,0.00012021032,0.0024844024,0.01820894
"982","F1044O2",982,0.00012354948,0.0009971038,0.0171426
"983","F1044O2",983,0.00010351446,0.0009246878,0.01563346
"984","F1044O2",984,7.346184e-05,0.0013981736,0.01440448
"985","F1044O2",985,2.671342e-05,0.0013591804,0.01466654
"986","F1044O2",986,3.339178e-05,0.0013424692,0.01586842
"987","F1044O2",987,2.170467e-05,0.00125891302,0.0167992
"988","F1044O2",988,2.170467e-05,0.00095811162,0.0179559
"989","F1044O2",989,2.003508e-05,0.00036764722,0.0199259
"990","F1044O2",990,7.34619e-05,0.00021724602,0.02061268
"991","F1044O2",991,8.014024e-05,0.00013926024,0.018877644
"992","F1044O2",992,8.180983e-05,0.00026737962,0.016329298
"993","F1044O2",993,8.014024e-05,0.00033979482,0.013021874
"994","F1044O2",994,9.850565e-05,0.00032865404,0.010229528
"995","F1044O2",995,5.509635e-05,0.00032865404,0.008060726
"996","F1044O2",996,4.507883e-05,0.00032308364,0.007066692
"997","F1044O2",997,4.340924e-05,0.00030637244,0.00614495
"998","F1044O2",998,4.340924e-05,0.00040106864,0.007084774
"999","F1044O2",999,2.504383e-05,0.00047348402,0.006759452
"1000","F1044O2",1000,1.335672e-05,0.00052361782,0.006316654
"1001","F1044O2",1001,8.34795e-06,0.000807709,0.006958258
"1002","F1044O2",1002,8.34795e-06,0.0008522724,0.007111882
"1003","F1044O2",1003,1.335672e-05,0.0007575762,0.006090728
"1004","F1044O2",1004,1.335672e-05,0.0009414,0.006370866
"1005","F1044O2",1005,1.335672e-05,0.0011530746,0.006885956
"1006","F1044O2",1006,1.335672e-05,0.0010806586,0.005928066
"1007","F1044O2",1007,1.335672e-05,0.0014928698,0.006334718
"1008","F1044O2",1008,8.34795e-06,0.00191622,0.006379902
"1009","F1044O2",1009,1.001754e-05,0.002278296,0.00591903
"1010","F1044O2",1010,3.506135e-05,0.00258467,0.00559371
"1011","F1044O2",1011,0.00011353196,0.003030304,0.006072656
"1012","F1044O2",1012,0.00056599037,0.003236408,0.005313574
"1013","F1044O2",1013,0.00178979878,0.003821302,0.00532261
"1014","F1044O2",1014,0.0035629016,0.003877006,0.00510573
"1015","F1044O2",1015,0.0058034882,0.003637478,0.004554492
"1016","F1044O2",1016,0.007953928,0.0030414434,0.004888848
"1017","F1044O2",1017,0.00916605,0.0023284312,0.005512378
"1018","F1044O2",1018,0.008989074,0.0021446072,0.006470272
"1019","F1044O2",1019,0.00766676,0.0047125672,0.007825774
"1020","F1044O2",1020,0.0054495476,0.0083500512,0.008702332
"1021","F1044O2",1021,0.0032423418,0.0114583358,0.0087927
"1022","F1044O2",1022,0.001599466,0.01371993,0.009633104
"1023","F1044O2",1023,0.0006578176,0.014098718,0.008846908
"1024","F1044O2",1024,0.0007312796,0.011720152,0.00769925
"1025","F1044O2",1025,0.002160448,0.007999112,0.007012462
"1026","F1044O2",1026,0.0045579738,0.00506908,0.00622627
"1027","F1044O2",1027,0.0081709596,0.0028966122,0.004545454
"1028","F1044O2",1028,0.012555306,0.0019719242,0.004545454
"1029","F1044O2",1029,0.017173396,0.0013703202,0.004247244
"1030","F1044O2",1030,0.0212906,0.0011976372,0.004021328
"1031","F1044O2",1031,0.02407548,0.0011530752,0.004301466
"1032","F1044O2",1032,0.02529762,0.001208779,0.004464128
"1033","F1044O2",1033,0.02507054,0.001626561,0.003786376
"1034","F1044O2",1034,0.02419232,0.003459231,0.00404844
"1035","F1044O2",1035,0.02303362,0.005308608,0.00440087
"1036","F1044O2",1036,0.02242922,0.008155082,0.004129768
"1037","F1044O2",1037,0.02279654,0.011575306,0.004491234
"1038","F1044O2",1038,0.0239252,0.014076414,0.006425082
"1039","F1044O2",1039,0.02540112,0.014393914,0.007211274
"1040","F1044O2",1040,0.02682362,0.013207416,0.007726366
"1041","F1044O2",1041,0.02822942,0.010990398,0.008358934
"1042","F1044O2",1042,0.0290642,0.008561708,0.008241458
"1043","F1044O2",1043,0.0291243,0.00648395,0.006732334
"1044","F1044O2",1044,0.02890726,0.005665108,0.005711188
"1045","F1044O2",1045,0.02908424,0.006550802,0.005114766
"1046","F1044O2",1046,0.02922114,0.00693516,0.00480752
"1047","F1044O2",1047,0.02962184,0.007336228,0.004934034
"1048","F1044O2",1048,0.03045996,0.007336228,0.004599676
"1049","F1044O2",1049,0.03120126,0.006868314,0.005168988
"1050","F1044O2",1050,0.0318357,0.00598262,0.00480752
"1051","F1044O2",1051,0.03304114,0.00503008,0.004129768
"1052","F1044O2",1052,0.03435678,0.003743316,0.004346648
"1053","F1044O2",1053,0.03621672,0.00324755,0.004364722
"1054","F1044O2",1054,0.03768596,0.003403522,0.003623712
"1055","F1044O2",1055,0.03766258,0.004718146,0.004048436
"1056","F1044O2",1056,0.0357459,0.006227726,0.004464124
"1057","F1044O2",1057,0.0329577,0.00764818,0.003750226
"1058","F1044O2",1058,0.03028968,0.008210792,0.00417495
"1059","F1044O2",1059,0.0286134,0.008093812,0.004780408
"1060","F1044O2",1060,0.02765506,0.006584224,0.00433761
"1061","F1044O2",1061,0.02733784,0.005113636,0.00474426
"1062","F1044O2",1062,0.02635612,0.003459225,0.005060544
"1063","F1044O2",1063,0.0238818,0.002434269,0.004590636
"1064","F1044O2",1064,0.02032558,0.002077763,0.004708114
"1065","F1044O2",1065,0.016592378,0.002612521,0.004626784
"1066","F1044O2",1066,0.012495206,0.004222371,0.004057472
"1067","F1044O2",1067,0.009640202,0.006762474,0.004048436
"1068","F1044O2",1068,0.007646712,0.009051922,0.004075546
"1069","F1044O2",1069,0.006311044,0.010132582,0.003524308
"1070","F1044O2",1070,0.00592036,0.010466808,0.00414784
"1071","F1044O2",1071,0.006591536,0.009163332,0.004717152
"1072","F1044O2",1072,0.0074831,0.006940742,0.004509308
"1073","F1044O2",1073,0.00910261,0.004545456,0.004789446
"1074","F1044O2",1074,0.010444958,0.002879904,0.00494307
"1075","F1044O2",1075,0.011169564,0.00147616,0.004003254
"1076","F1044O2",1076,0.01166376,0.001253342,0.004328576
"1077","F1044O2",1077,0.01206446,0.001576426,0.004193024
"1078","F1044O2",1078,0.0118207,0.002879902,0.00382252
"1079","F1044O2",1079,0.010785556,0.004712564,0.00401229
"1080","F1044O2",1080,0.009546716,0.005999328,0.004455088
"1081","F1044O2",1081,0.008658496,0.006211004,0.003298392
"1082","F1044O2",1082,0.008087494,0.005542555,0.0034972
"1083","F1044O2",1083,0.007436346,0.004200086,0.003939998
"1084","F1044O2",1084,0.007199264,0.003069294,0.004256282
"1085","F1044O2",1085,0.006878704,0.003197414,0.005702154
"1086","F1044O2",1086,0.00600718,0.003927138,0.009316822
"1087","F1044O2",1087,0.004554638,0.004974375,0.01415145
"1088","F1044O2",1088,0.00312213,0.006472816,0.01940176
"1089","F1044O2",1089,0.0020035064,0.006489528,0.02326946
"1090","F1044O2",1090,0.0013456882,0.005587122,0.02599854
"1091","F1044O2",1091,0.00093830808,0.004940954,0.02720946
"1092","F1044O2",1092,0.00052758962,0.00447861,0.0255919
"1093","F1044O2",1093,0.00024042062,0.003147282,0.02308874
"1094","F1044O2",1094,0.00020035042,0.0022671574,0.02197724
"1095","F1044O2",1095,0.00012855821,0.001843806,0.02067596
"1096","F1044O2",1096,0.00012521903,0.0012644838,0.0182451
"1097","F1044O2",1097,0.00012855819,0.0011252238,0.01673596
"1098","F1044O2",1098,0.00011019278,0.0014594478,0.0154166
"1099","F1044O2",1099,4.340928e-05,0.0022894384,0.01336526
"1100","F1044O2",1100,4.507887e-05,0.0028743318,0.01233508
"1101","F1044O2",1101,3.339176e-05,0.003604056,0.010997644
"1102","F1044O2",1102,2.337424e-05,0.004088682,0.009596964
"1103","F1044O2",1103,2.337424e-05,0.003982844,0.008458348
"1104","F1044O2",1104,1.66959e-05,0.0031528534,0.00712092
"1105","F1044O2",1105,1.502631e-05,0.0024955446,0.005295502
"1106","F1044O2",1106,1.502631e-05,0.0018716586,0.004798484
"1107","F1044O2",1107,1.502631e-05,0.0013480386,0.00442798
"1108","F1044O2",1108,1.502631e-05,0.0009469692,0.003569494
"1109","F1044O2",1109,1.001754e-05,0.0013536098,0.00382252
"1110","F1044O2",1110,1.168713e-05,0.0016599826,0.00393096
"1111","F1044O2",1111,1.168713e-05,0.0015987076,0.003397796
"1112","F1044O2",1112,1.502631e-05,0.0013257576,0.003696006
"1113","F1044O2",1113,1.502631e-05,0.001704545,0.00433761
"1114","F1044O2",1114,2.003508e-05,0.002010917,0.004491234
"1115","F1044O2",1115,2.337426e-05,0.002629233,0.00433761
"1116","F1044O2",1116,2.337426e-05,0.003108288,0.004545452
"1117","F1044O2",1117,2.003508e-05,0.003514928,0.003994214
"1118","F1044O2",1118,2.170467e-05,0.003425802,0.003939994
"1119","F1044O2",1119,1.66959e-05,0.00298574,0.003840592
"1120","F1044O2",1120,2.337424e-05,0.002562388,0.003849628
"1121","F1044O2",1121,2.838301e-05,0.002974598,0.004265316
"1122","F1044O2",1122,3.172219e-05,0.004506464,0.004780408
"1123","F1044O2",1123,3.172219e-05,0.007185832,0.004518344
"1124","F1044O2",1124,3.172219e-05,0.011168666,0.004888848
"1125","F1044O2",1125,2.504385e-05,0.014193406,0.004843666
"1126","F1044O2",1126,2.170467e-05,0.014611188,0.004852704
"1127","F1044O2",1127,1.836549e-05,0.01303476,0.004924996
"1128","F1044O2",1128,1.66959e-05,0.010934714,0.004717152
"1129","F1044O2",1129,1.66959e-05,0.008344482,0.00398518
"1130","F1044O2",1130,1.168713e-05,0.007520062,0.004608712
"1131","F1044O2",1131,1.001754e-05,0.009024074,0.004681004
"1132","F1044O2",1132,8.34795e-06,0.012332902,0.00439183
"1133","F1044O2",1133,8.34795e-06,0.015886828,0.004924996
"1134","F1044O2",1134,1.001754e-05,0.02090576,0.00510573
"1135","F1044O2",1135,1.001754e-05,0.02629234,0.00433761
"1136","F1044O2",1136,1.168713e-05,0.03204658,0.00436472
"1137","F1044O2",1137,1.168713e-05,0.03739416,0.004671968
"1138","F1044O2",1138,1.168713e-05,0.03944406,0.00463582
"1139","F1044O2",1139,1.168713e-05,0.0386865,0.005196094
"1140","F1044O2",1140,1.66959e-05,0.0397393,0.005548526
"1141","F1044O2",1141,1.502631e-05,0.04089794,0.004979216
"1142","F1044O2",1142,1.502631e-05,0.04479724,0.004735226
"1143","F1044O2",1143,1.502631e-05,0.05481842,0.004662934
"1144","F1044O2",1144,1.502631e-05,0.0665497,0.003939998
"1145","F1044O2",1145,1.001754e-05,0.07556262,0.004120732
"1146","F1044O2",1146,1.168713e-05,0.08229168,0.004274356
"1147","F1044O2",1147,1.66959e-05,0.08370098,0.004012292
"1148","F1044O2",1148,1.66959e-05,0.07838124,0.003813484
"1149","F1044O2",1149,1.502631e-05,0.0713291,0.004138806
"1150","F1044O2",1150,1.66959e-05,0.0643104,0.00368697
"1151","F1044O2",1151,0.00051423272,0.06071748,0.0037683
"1152","F1044O2",1152,0.00217714236,0.0633133,0.0037683
"1153","F1044O2",1153,0.00420903277,0.07201422,0.003641786
"1154","F1044O2",1154,0.00624426318,0.08469794,0.00368697
"1155","F1044O2",1155,0.009085904,0.09902512,0.004021328
"1156","F1044O2",1156,0.011760588,0.10817724,0.00390385
"1157","F1044O2",1157,0.01276902,0.10988736,0.004238208
"1158","F1044O2",1158,0.012658826,0.10770938,0.004418942
"1159","F1044O2",1159,0.012665506,0.09875226,0.003705042
"1160","F1044O2",1160,0.012141246,0.08467574,0.003515272
"1161","F1044O2",1161,0.011216286,0.07250446,0.003470088
"1162","F1044O2",1162,0.010808906,0.06374778,0.003388756
"1163","F1044O2",1163,0.01066866,0.05580994,0.003551416
"1164","F1044O2",1164,0.009907324,0.05032308,0.00384059
"1165","F1044O2",1165,0.008304528,0.04603944,0.00392192
"1166","F1044O2",1166,0.006377828,0.04234626,0.004238206
"1167","F1044O2",1167,0.00450121,0.03788436,0.0043105
"1168","F1044O2",1168,0.003636364,0.03343918,0.004021326
"1169","F1044O2",1169,0.00316554,0.02907198,0.0043105
"1170","F1044O2",1170,0.0029151,0.02574088,0.004220134
"1171","F1044O2",1171,0.0026412876,0.02379124,0.003741188
"1172","F1044O2",1172,0.0023073708,0.02302808,0.003415868
"1173","F1044O2",1173,0.00139076639,0.02208668,0.003452016
"1174","F1044O2",1174,0.00058101598,0.02126226,0.003732154
"1175","F1044O2",1175,0.00011520157,0.02054366,0.003939996
"1176","F1044O2",1176,6.678356e-05,0.01949084,0.004084584
"1177","F1044O2",1177,8.34795e-06,0.01696188,0.004238208
"1178","F1044O2",1178,8.34795e-06,0.01517936,0.00433761
"1179","F1044O2",1179,1.335672e-05,0.013174016,0.004084582
"1180","F1044O2",1180,9.182733e-05,0.011642162,0.003885776
"1181","F1044O2",1181,0.00010685362,0.009603394,0.004220134
"1182","F1044O2",1182,0.00010852321,0.009391714,0.004292426
"1183","F1044O2",1183,0.00010852321,0.009146614,0.004111692
"1184","F1044O2",1184,0.00010351444,0.010929138,0.003795408
"1185","F1044O2",1185,5.008764e-05,0.012672672,0.003822518
"1186","F1044O2",1186,4.007012e-05,0.0147393,0.003777334
"1187","F1044O2",1187,0.00013690634,0.0165107,0.003967106
"1188","F1044O2",1188,0.00032223075,0.01803142,0.0037683
"1189","F1044O2",1189,0.00046080656,0.01906196,0.00384963
"1190","F1044O2",1190,0.00081809916,0.02052698,0.003921924
"1191","F1044O2",1191,0.0014057948,0.02189172,0.004220134
"1192","F1044O2",1192,0.0021504314,0.02253788,0.00433761
"1193","F1044O2",1193,0.0029651914,0.02264372,0.004789444
"1194","F1044O2",1194,0.00370315,0.02144608,0.004699078
"1195","F1044O2",1195,0.004214044,0.01981396,0.00455449
"1196","F1044O2",1196,0.00446782,0.01833224,0.00420206
"1197","F1044O2",1197,0.00434761,0.01622106,0.004057474
"1198","F1044O2",1198,0.003963604,0.0146112,0.003677934
"1199","F1044O2",1199,0.004077136,0.01420456,0.003976144
"1200","F1044O2",1200,0.004414392,0.01330214,0.004093622
"1201","F1044O2",1201,0.005382754,0.01273952,0.003958072
"1202","F1044O2",1202,0.007018952,0.01292892,0.003867704
"1203","F1044O2",1203,0.008675184,0.01250558,0.004265318
"1204","F1044O2",1204,0.009590118,0.01184826,0.003994218
"1205","F1044O2",1205,0.009970784,0.01228832,0.004382794
"1206","F1044O2",1206,0.00946323,0.01205436,0.00469004
"1207","F1044O2",1207,0.008177644,0.01190396,0.004355682
"1208","F1044O2",1208,0.00693213,0.01263368,0.004093618
"1209","F1044O2",1209,0.005820184,0.01305146,0.004391828
"1210","F1044O2",1210,0.004962016,0.01279522,0.004030362
"1211","F1044O2",1211,0.004421068,0.01278966,0.004165912
"1212","F1044O2",1212,0.003983636,0.012461,0.004319536
"1213","F1044O2",1213,0.003616328,0.01171456,0.004093618
"1214","F1044O2",1214,0.00389348,0.01110182,0.004220132
"1215","F1044O2",1215,0.004671508,0.010405528,0.004183984
"1216","F1044O2",1216,0.006080638,0.0095254,0.003831554
"1217","F1044O2",1217,0.008154276,0.00875111,0.004256278
"1218","F1044O2",1218,0.010641958,0.00764817,0.0045816
"1219","F1044O2",1219,0.013116282,0.006355838,0.004292426
"1220","F1044O2",1220,0.01472242,0.006316844,0.004355684
"1221","F1044O2",1221,0.0146957,0.006868312,0.004292428
"1222","F1044O2",1222,0.013356682,0.008149502,0.004012292
"1223","F1044O2",1223,0.01171715,0.009854042,0.004391832
"1224","F1044O2",1224,0.009366376,0.01051135,0.004355686
"1225","F1044O2",1225,0.0063911756,0.009748204,0.004283392
"1226","F1044O2",1226,0.0043342526,0.008394598,0.004464126
"1227","F1044O2",1227,0.0029985816,0.006016036,0.004427978
"1228","F1044O2",1228,0.00149094319,0.00354835,0.0040394
"1229","F1044O2",1229,0.00034894399,0.002378564,0.004355684
"1230","F1044O2",1230,0.00023207279,0.0015597138,0.004608712
"1231","F1044O2",1231,0.00018532419,0.0009079752,0.004138804
"1232","F1044O2",1232,0.00019534159,0.0007742862,0.004409906
"1233","F1044O2",1233,0.00019701118,0.0008132802,0.004418944
"1234","F1044O2",1234,0.00014692356,0.0007909982,0.004717154
"1235","F1044O2",1235,0.00010184475,0.0008355614,0.00513284
"1236","F1044O2",1236,5.676594e-05,0.000790998,0.005973252
"1237","F1044O2",1237,1.335672e-05,0.0007074418,0.005919032
"1238","F1044O2",1238,1.168713e-05,0.0008077098,0.00668715
"1239","F1044O2",1239,1.001754e-05,0.0005848938,0.00671426
"1240","F1044O2",1240,1.001754e-05,0.0005848938,0.005747336
"1241","F1044O2",1241,1.001754e-05,0.0007798578,0.005422014
"1242","F1044O2",1242,8.34795e-06,0.000863414,0.00518706
"1243","F1044O2",1243,8.34795e-06,0.0005737516,0.004789446
"1244","F1044O2",1244,8.34795e-06,0.0006350262,0.0064793
"1245","F1044O2",1245,8.34795e-06,0.0005458998,0.010482548
"1246","F1044O2",1246,1.001754e-05,0.000367647,0.016491956
"1247","F1044O2",1247,1.001754e-05,0.000495766,0.02378456
"1248","F1044O2",1248,1.168713e-05,0.0006127446,0.03076088
"1249","F1044O2",1249,1.168713e-05,0.0007074416,0.0363546
"1250","F1044O2",1250,1.168713e-05,0.0007241528,0.04008676
"1251","F1044O2",1251,1.001754e-05,0.0007408642,0.04062896
"1252","F1044O2",1252,1.001754e-05,0.0006405972,0.04022232
"1253","F1044O2",1253,2.337424e-05,0.00047499132,0.03719504
"1254","F1044O2",1254,0.00045913665,0.00030230854,0.03094164
"1255","F1044O2",1255,0.00154269906,0.00043042874,0.023386964
"1256","F1044O2",1256,0.00367810947,0.00121585614,0.016925724
"1257","F1044O2",1257,0.00600049988,0.00219067714,0.010075906
"1258","F1044O2",1258,0.008254444,0.00278520482,0.005503334
"1259","F1044O2",1259,0.00977377,0.003498218,0.003894812
"1260","F1044O2",1260,0.010114366,0.00394385,0.004084584
"1261","F1044O2",1261,0.008872186,0.003771168,0.003587566
"1262","F1044O2",1262,0.007155856,0.00309715,0.003786374
"1263","F1044O2",1263,0.004962017,0.002941178,0.004039402
"1264","F1044O2",1264,0.00301527654,0.002590242,0.003985182
"1265","F1044O2",1265,0.00159111813,0.00243427,0.004048438
"1266","F1044O2",1266,0.00071291401,0.002049912,0.004138804
"1267","F1044O2",1267,0.00010852319,0.001832666,0.003587566
"1268","F1044O2",1268,3.506137e-05,0.0014650194,0.004003252
"1269","F1044O2",1269,3.506137e-05,0.0011642168,0.00428339
"1270","F1044O2",1270,4.007014e-05,0.000752007,0.00390385
"1271","F1044O2",1271,2.671344e-05,0.0005236196,0.003976144
"1272","F1044O2",1272,3.005262e-05,0.0003286544,0.004183988
"1273","F1044O2",1273,3.005262e-05,0.0003063726,0.003714082
"1274","F1044O2",1274,2.170467e-05,0.00024509802,0.003560458
"1275","F1044O2",1275,1.66959e-05,0.00016711222,0.004446052
"1276","F1044O2",1276,1.66959e-05,0.00012811922,0.004626786
"1277","F1044O2",1277,1.66959e-05,0.00010583764,0.005367794
"1278","F1044O2",1278,2.003508e-05,6.684486e-05,0.006117838
"1279","F1044O2",1279,2.504385e-05,0.00012811944,0.006289536
"1280","F1044O2",1280,0.00013690626,0.00018939404,0.006054582
"1281","F1044O2",1281,0.00014024544,0.00020053484,0.006208206
"1282","F1044O2",1282,0.00014358462,0.00018532994,0.005928068
"1283","F1044O2",1283,0.0001469238,0.00019090034,0.005629858
"1284","F1044O2",1284,0.00014358462,0.00011999126,0.005331646
"1285","F1044O2",1285,3.33918e-05,5.871666e-05,0.004644858
"1286","F1044O2",1286,2.838303e-05,4.200548e-05,0.004644858
"1287","F1044O2",1287,2.003508e-05,0.00010177376,0.004608712
"1288","F1044O2",1288,2.003508e-05,9.063294e-05,0.004003254
"1289","F1044O2",1289,3.00526e-05,0.00010026744,0.004129768
"1290","F1044O2",1290,3.339178e-05,0.00011140826,0.004446052
"1291","F1044O2",1291,3.339178e-05,9.620336e-05,0.003668896
"1292","F1044O2",1292,3.339178e-05,3.643508e-05,0.003217062
"1293","F1044O2",1293,2.671342e-05,3.2371e-05,0.003018254
"1294","F1044O2",1294,0.00050755472,3.2371e-05,0.0027833
"1295","F1044O2",1295,0.00274479636,1.71661e-05,0.002936924
"1296","F1044O2",1296,0.00608564677,2.123018e-05,0.003388758
"1297","F1044O2",1297,0.00973369718,2.529426e-05,0.002964032
"1298","F1044O2",1298,0.012718918,2.529426e-05,0.003370684
"1299","F1044O2",1299,0.013573748,1.565976e-05,0.003641784
"1300","F1044O2",1300,0.011780616,1.565976e-05,0.003235134
"1301","F1044O2",1301,0.008658482,1.159568e-05,0.003235134
"1302","F1044O2",1302,0.0050922414,3.387728e-05,0.003705042
"1303","F1044O2",1303,0.0021604474,4.908218e-05,0.00318995
"1304","F1044O2",1304,0.0008314544,4.908218e-05,0.003433942
"1305","F1044O2",1305,0.00039736228,5.314626e-05,0.003470088
"1306","F1044O2",1306,0.00017864587,7.392154e-05,0.003424906
"1307","F1044O2",1307,9.683606e-05,4.757586e-05,0.0032261
"1308","F1044O2",1308,4.340924e-05,3.237096e-05,0.003587568
"1309","F1044O2",1309,2.504383e-05,3.237096e-05,0.002756192
"1310","F1044O2",1310,1.836549e-05,3.237096e-05,0.003244174
"1311","F1044O2",1311,2.003508e-05,2.123018e-05,0.003379724
"1312","F1044O2",1312,2.003508e-05,9.213926e-05,0.003352614
"1313","F1044O2",1313,2.671344e-05,0.00021318194,0.003289356
"1314","F1044O2",1314,2.838303e-05,0.00037321742,0.003705044
"1315","F1044O2",1315,3.172219e-05,0.00051804802,0.003045366
"1316","F1044O2",1316,3.172219e-05,0.0008077092,0.003614676
"1317","F1044O2",1317,3.172219e-05,0.0009469698,0.004003252
"1318","F1044O2",1318,2.337424e-05,0.0010695188,0.00425628
"1319","F1044O2",1319,2.170465e-05,0.001164215,0.004626784
"1320","F1044O2",1320,1.168713e-05,0.0010528068,0.005024398
"1321","F1044O2",1321,1.168713e-05,0.0007575752,0.004075546
"1322","F1044O2",1322,1.335672e-05,0.00054740552,0.004220134
"1323","F1044O2",1323,1.502631e-05,0.00030381384,0.004934032
"1324","F1044O2",1324,1.66959e-05,5.314624e-05,0.004681004
"1325","F1044O2",1325,1.502631e-05,1.565976e-05,0.004943068
"1326","F1044O2",1326,1.335672e-05,1.159568e-05,0.005982288
"1327","F1044O2",1327,1.66959e-05,1.159568e-05,0.007256452
"1328","F1044O2",1328,1.502631e-05,4.351176e-05,0.009199332
"1329","F1044O2",1329,1.335672e-05,4.351176e-05,0.010157222
"1330","F1044O2",1330,1.335672e-05,4.351176e-05,0.010491578
"1331","F1044O2",1331,2.170467e-05,4.351176e-05,0.010410248
"1332","F1044O2",1332,1.836549e-05,4.757584e-05,0.0088198
"1333","F1044O2",1333,2.003508e-05,2.529426e-05,0.005946142
"1334","F1044O2",1334,2.003508e-05,3.086468e-05,0.00518706
"1335","F1044O2",1335,2.838303e-05,3.086468e-05,0.005168988
"1336","F1044O2",1336,2.003508e-05,3.086468e-05,0.005060548
"1337","F1044O2",1337,3.00526e-05,2.68006e-05,0.006316648
"1338","F1044O2",1338,5.008762e-05,2.123018e-05,0.008069766
"1339","F1044O2",1339,9.516643e-05,1.159568e-05,0.00905476
"1340","F1044O2",1340,0.00011186229,1.159568e-05,0.009822886
"1341","F1044O2",1341,0.00011353188,1.159568e-05,0.010066876
"1342","F1044O2",1342,0.00010184477,1.159568e-05,0.009000546
"1343","F1044O2",1343,8.180975e-05,1.159568e-05,0.00800651
"1344","F1044O2",1344,3.673094e-05,1.159568e-05,0.006931148
"1345","F1044O2",1345,1.168713e-05,1.565976e-05,0.0055666
"1346","F1044O2",1346,1.168713e-05,1.565976e-05,0.005584674
"1347","F1044O2",1347,1.335672e-05,1.565976e-05,0.005882886
"1348","F1044O2",1348,1.168713e-05,1.159568e-05,0.005729262
"1349","F1044O2",1349,1.335672e-05,1.159568e-05,0.006343758
"1350","F1044O2",1350,2.838301e-05,7.5316e-06,0.006732336
"1351","F1044O2",1351,9.516663e-05,7.5316e-06,0.005647932
"1352","F1044O2",1352,0.00010518415,3.944768e-05,0.0052955
"1353","F1044O2",1353,0.00011687126,0.00011035676,0.00515995
"1354","F1044O2",1354,0.00018365488,0.00011035676,0.004247244
"1355","F1044O2",1355,0.0002470992,0.00013113204,0.00412073
"1356","F1044O2",1356,0.0002237248,0.00013113204,0.004337612
"1357","F1044O2",1357,0.00021370728,9.921596e-05,0.004400868
"1358","F1044O2",1358,0.00020702894,2.830688e-05,0.005250316
"1359","F1044O2",1359,0.00014024532,3.237096e-05,0.005819628
"1360","F1044O2",1360,6.34443e-05,1.159568e-05,0.005449124
"1361","F1044O2",1361,2.337426e-05,1.565976e-05,0.005973252
"1362","F1044O2",1362,2.170467e-05,1.565976e-05,0.005747336
"1363","F1044O2",1363,2.170467e-05,1.972384e-05,0.004527384
"1364","F1044O2",1364,2.170467e-05,3.086466e-05,0.004310504
"1365","F1044O2",1365,2.838303e-05,7.392154e-05,0.00453642
"1366","F1044O2",1366,2.504385e-05,0.00013519614,0.003813484
"1367","F1044O2",1367,2.504385e-05,0.00026737962,0.004256282
"1368","F1044O2",1368,2.170467e-05,0.00026331554,0.00417495
"1369","F1044O2",1369,2.170467e-05,0.00026331554,0.003650822
"1370","F1044O2",1370,1.335672e-05,0.00026888594,0.003696006
"1371","F1044O2",1371,1.66959e-05,0.00026888594,0.003750226
"1372","F1044O2",1372,1.836549e-05,0.00015747774,0.003289354
"1373","F1044O2",1373,1.66959e-05,0.00042335142,0.003533346
"1374","F1044O2",1374,1.502631e-05,0.0006127462,0.00387674
"1375","F1044O2",1375,1.502631e-05,0.000596035,0.003569492
"1376","F1044O2",1376,1.001754e-05,0.00054033082,0.00393096
"1377","F1044O2",1377,1.001754e-05,0.00052361962,0.004057474
"1378","F1044O2",1378,1.001754e-05,0.00025774594,0.00379541
"1379","F1044O2",1379,1.836549e-05,5.314626e-05,0.003705042
"1380","F1044O2",1380,2.003508e-05,2.123018e-05,0.003650822
"1381","F1044O2",1381,2.003508e-05,1.565976e-05,0.003198988
"1382","F1044O2",1382,2.003508e-05,2.680058e-05,0.003623712
"1383","F1044O2",1383,2.170467e-05,2.680058e-05,0.003994216
"1384","F1044O2",1384,1.502631e-05,3.086466e-05,0.003967106
"1385","F1044O2",1385,1.502631e-05,3.086466e-05,0.004391832
"1386","F1044O2",1386,1.502631e-05,3.086466e-05,0.004825592
"1387","F1044O2",1387,1.502631e-05,1.565976e-05,0.004138804
"1388","F1044O2",1388,1.335672e-05,1.565976e-05,0.004355684
"1389","F1044O2",1389,1.335672e-05,1.565976e-05,0.004626786
"1390","F1044O2",1390,1.168713e-05,2.529426e-05,0.004301464
"1391","F1044O2",1391,2.337424e-05,2.529426e-05,0.004364722
"1392","F1044O2",1392,2.671342e-05,3.492876e-05,0.00453642
"1393","F1044O2",1393,2.838301e-05,3.492876e-05,0.003786376
"1394","F1044O2",1394,2.671342e-05,3.492876e-05,0.003750228
"1395","F1044O2",1395,2.838301e-05,2.529426e-05,0.003723118
"1396","F1044O2",1396,1.66959e-05,2.123018e-05,0.003406832
"1397","F1044O2",1397,1.168713e-05,1.565976e-05,0.003840592
"1398","F1044O2",1398,1.502631e-05,1.565976e-05,0.00439183
"1399","F1044O2",1399,2.337426e-05,1.565976e-05,0.00450027
"1400","F1044O2",1400,2.170467e-05,1.565976e-05,0.004988252
"1401","F1044O2",1401,5.676608e-05,1.972384e-05,0.005123804
"1402","F1044O2",1402,0.00013523669,1.565976e-05,0.00510573
"1403","F1044O2",1403,0.00014525421,1.565976e-05,0.005367794
"1404","F1044O2",1404,0.00013690626,1.565976e-05,0.00515995
"1405","F1044O2",1405,0.00013690626,1.972384e-05,0.004617748
"1406","F1044O2",1406,0.00010184485,1.565976e-05,0.004870774
"1407","F1044O2",1407,2.838301e-05,1.565976e-05,0.004789444
"1408","F1044O2",1408,2.170467e-05,1.565976e-05,0.004193022
"1409","F1044O2",1409,6.344428e-05,1.159568e-05,0.004238206
"1410","F1044O2",1410,6.344428e-05,7.5316e-06,0.00460871
"1411","F1044O2",1411,7.513139e-05,2.27365e-05,0.004193022
"1412","F1044O2",1412,7.012262e-05,3.79414e-05,0.003876738
"1413","F1044O2",1413,6.344426e-05,4.200548e-05,0.004211096
"1414","F1044O2",1414,2.170465e-05,4.200548e-05,0.004165912
"1415","F1044O2",1415,2.170465e-05,4.200548e-05,0.00422917
"1416","F1044O2",1416,1.168713e-05,3.086466e-05,0.004328574
"1417","F1044O2",1417,2.337424e-05,5.314624e-05,0.004021328
"1418","F1044O2",1418,2.337424e-05,5.314624e-05,0.003939996
"1419","F1044O2",1419,2.337424e-05,5.314624e-05,0.004807518
"1420","F1044O2",1420,2.337424e-05,5.314624e-05,0.005141874
"1421","F1044O2",1421,2.170465e-05,5.871666e-05,0.005412976
"1422","F1044O2",1422,1.001754e-05,2.529426e-05,0.005928066
"1423","F1044O2",1423,1.001754e-05,2.529426e-05,0.00553949
"1424","F1044O2",1424,1.001754e-05,2.935834e-05,0.004626786
"1425","F1044O2",1425,1.001754e-05,2.935834e-05,0.003976146
"1426","F1044O2",1426,1.502631e-05,3.492874e-05,0.003958072
"1427","F1044O2",1427,1.66959e-05,9.620334e-05,0.003795412
"1428","F1044O2",1428,1.502631e-05,0.00010177376,0.003976146
"1429","F1044O2",1429,2.003508e-05,9.770968e-05,0.003732154
"1430","F1044O2",1430,2.170467e-05,0.00010177376,0.004129768
"1431","F1044O2",1431,2.504385e-05,9.063294e-05,0.004084584
"1432","F1044O2",1432,2.337426e-05,2.935834e-05,0.00390385
"1433","F1044O2",1433,2.337426e-05,2.378792e-05,0.004084582
"1434","F1044O2",1434,1.836549e-05,2.7852e-05,0.004400866
"1435","F1044O2",1435,0.00018532431,6.12744e-05,0.003587564
"1436","F1044O2",1436,0.00089990877,0.000473484,0.003614674
"1437","F1044O2",1437,0.00146255918,0.0007464336,0.003533344
"1438","F1044O2",1438,0.00239585959,0.0012143472,0.003515272
"1439","F1044O2",1439,0.003412638,0.0019217888,0.00357853
"1440","F1044O2",1440,0.004765004,0.002423126,0.003804446
"1441","F1044O2",1441,0.006538102,0.002634802,0.003162842
"1442","F1044O2",1442,0.008631762,0.003397948,0.004057474
"1443","F1044O2",1443,0.010077632,0.00381573,0.004238208
"1444","F1044O2",1444,0.013774104,0.004255792,0.003912886
"1445","F1044O2",1445,0.0185291,0.004840684,0.004373758
"1446","F1044O2",1446,0.0241289,0.005230614,0.00499729
"1447","F1044O2",1447,0.03105102,0.005096924,0.005196098
"1448","F1044O2",1448,0.0375524,0.005241754,0.007030538
"1449","F1044O2",1449,0.04253112,0.00516377,0.008548694
"1450","F1044O2",1450,0.04434428,0.005057934,0.0084764
"1451","F1044O2",1451,0.04061442,0.004684716,0.008521582
"1452","F1044O2",1452,0.0333083,0.004133246,0.007391996
"1453","F1044O2",1453,0.02726772,0.003347818,0.004979208
"1454","F1044O2",1454,0.02058936,0.002506686,0.004129768
"1455","F1044O2",1455,0.01459554,0.0016042786,0.004129768
"1456","F1044O2",1456,0.011480092,0.001030526,0.0037683
"1457","F1044O2",1457,0.01059187,0.0007798578,0.00409362
"1458","F1044O2",1458,0.008661826,0.000612746,0.004301462
"1459","F1044O2",1459,0.006144084,0.0005514708,0.003506234
"1460","F1044O2",1460,0.0042040254,0.0005793228,0.003560454
"1461","F1044O2",1461,0.0029718684,0.0006127452,0.003632748
"1462","F1044O2",1462,0.0016462156,0.0005737524,0.003659858
"1463","F1044O2",1463,0.0009683616,0.0011753562,0.0037683
"1464","F1044O2",1464,0.000554303,0.0016209894,0.003967106
"1465","F1044O2",1465,0.0004274142,0.0020944748,0.003361648
"1466","F1044O2",1466,0.0004274142,0.002250447,0.00365986
"1467","F1044O2",1467,0.00037398736,0.002278299,0.00384963
"1468","F1044O2",1468,0.00016695876,0.0016265614,0.003967106
"1469","F1044O2",1469,9.683606e-05,0.0010639494,0.003939996
"1470","F1044O2",1470,0.00013356706,0.00045677422,0.00428339
"1471","F1044O2",1471,0.00029050846,0.00022281622,0.003885774
"1472","F1044O2",1472,0.0005643201,0.00019496422,0.004012288
"1473","F1044O2",1473,0.0007446347,0.00031194282,0.004093618
"1474","F1044O2",1474,0.0009249502,0.00045677282,0.004283388
"1475","F1044O2",1475,0.0009750378,0.00068516,0.004202058
"1476","F1044O2",1476,0.0008948976,0.0006795896,0.004247242
"1477","F1044O2",1477,0.0006945478,0.00061425092,0.00340683
"1478","F1044O2",1478,0.0005409466,0.00046535624,0.003388758
"1479","F1044O2",1479,0.0003873446,0.00027039264,0.003515272
"1480","F1044O2",1480,0.0003038652,0.00023697064,0.003560456
"1481","F1044O2",1481,0.0002804908,0.00026482264,0.00382252
"1482","F1044O2",1482,0.0002671342,0.00026888672,0.004545456
"1483","F1044O2",1483,0.0003606312,0.00026888672,0.004030364
"1484","F1044O2",1484,0.000577677,0.00030230912,0.00491596
"1485","F1044O2",1485,0.0006511388,0.00011848472,0.004934034
"1486","F1044O2",1486,0.000654478,6.985744e-05,0.005322612
"1487","F1044O2",1487,0.0006411212,6.579336e-05,0.005295502
"1488","F1044O2",1488,0.0005409458,6.985744e-05,0.0057383
"1489","F1044O2",1489,0.0004474494,3.237096e-05,0.005042474
"1490","F1044O2",1490,0.0004507886,1.565976e-05,0.006027472
"1491","F1044O2",1491,0.000437432,1.565976e-05,0.006117838
"1492","F1044O2",1492,0.000417397,1.565976e-05,0.0061088
"1493","F1044O2",1493,0.0003940228,1.565976e-05,0.0061088
"1494","F1044O2",1494,0.0002571166,1.565976e-05,0.006434122
"1495","F1044O2",1495,0.000186994,2.123018e-05,0.006705222
"1496","F1044O2",1496,0.0002671342,0.00011999126,0.008187236
"1497","F1044O2",1497,0.0005108944,0.00014076654,0.010166264
"1498","F1044O2",1498,0.0007847062,0.00013670246,0.012579068
"1499","F1044O2",1499,0.0009282908,0.00014633696,0.013844204
"1500","F1044O2",1500,0.0009717,0.00013670246,0.0147298
"1501","F1044O2",1501,0.0008615072,4.200546e-05,0.01397976
"1502","F1044O2",1502,0.0006110686,2.529426e-05,0.01345564
"1503","F1044O2",1503,0.00031555219,2.529426e-05,0.0127598
"1504","F1044O2",1504,0.00014692378,4.757584e-05,0.01254292
"1505","F1044O2",1505,6.678356e-05,0.00012405532,0.01306704
"1506","F1044O2",1506,3.673094e-05,0.00014633692,0.01359116
"1507","F1044O2",1507,1.335672e-05,0.00015190734,0.013012812
"1508","F1044O2",1508,1.335672e-05,0.00015190734,0.012235664
"1509","F1044O2",1509,1.335672e-05,0.00011999126,0.01088016
"1510","F1044O2",1510,1.168713e-05,4.351178e-05,0.008340858
"1511","F1044O2",1511,1.001754e-05,6.579338e-05,0.006723298
"1512","F1044O2",1512,2.337424e-05,0.00030532056,0.005602748
"1513","F1044O2",1513,3.840053e-05,0.00061575624,0.004464124
"1514","F1044O2",1514,0.00012688874,0.00113229792,0.004825592
"1515","F1044O2",1515,0.00014859335,0.0015541436,0.005539492
"1516","F1044O2",1516,0.00017029796,0.00204991,0.005485272
"1517","F1044O2",1517,0.00022038568,0.002612522,0.00675041
"1518","F1044O2",1518,0.0004307538,0.002902184,0.009696362
"1519","F1044O2",1519,0.001111946,0.003024734,0.012036858
"1520","F1044O2",1520,0.0030019198,0.003464796,0.01473882
"1521","F1044O2",1521,0.0047382916,0.003626338,0.01604914
"1522","F1044O2",1522,0.00563653,0.00351493,0.015696708
"1523","F1044O2",1523,0.005763418,0.00392157,0.013636352
"1524","F1044O2",1524,0.005048834,0.004294786,0.0115037
"1525","F1044O2",1525,0.0031755562,0.004851826,0.008693296
"1526","F1044O2",1526,0.0015193246,0.005614972,0.008042654
"1527","F1044O2",1527,0.000711244,0.006038322,0.007455268
"1528","F1044O2",1528,0.00052759,0.006249998,0.006524488
"1529","F1044O2",1529,0.0006678354,0.006238858,0.005828662
"1530","F1044O2",1530,0.0007880456,0.005770944,0.005403938
"1531","F1044O2",1531,0.0009717012,0.005069072,0.004238204
"1532","F1044O2",1532,0.0012221398,0.004539884,0.004563526
"1533","F1044O2",1533,0.0016929638,0.003715464,0.004870774
"1534","F1044O2",1534,0.0020135244,0.002963458,0.004789444
"1535","F1044O2",1535,0.002263962,0.0021000446,0.004382794
"1536","F1044O2",1536,0.002327406,0.0013926032,0.004491234
"1537","F1044O2",1537,0.00222723,0.0008411324,0.003569492
"1538","F1044O2",1538,0.0016929616,0.0005737518,0.003786372
"1539","F1044O2",1539,0.0013122958,0.0004456328,0.00387674
"1540","F1044O2",1540,0.00109525,0.0003899286,0.004346648
"1541","F1044O2",1541,0.0008481504,0.000423351,0.005069584
"1542","F1044O2",1542,0.0005676598,0.00038992862,0.005503344
"1543","F1044O2",1543,0.000587695,0.00026331554,0.004825594
"1544","F1044O2",1544,0.0010184488,0.00014227286,0.004924996
"1545","F1044O2",1545,0.0014358466,0.00011442086,0.005069582
"1546","F1044O2",1546,0.0019100102,2.123018e-05,0.004943068
"1547","F1044O2",1547,0.0023040328,9.364556e-05,0.005711186
"1548","F1044O2",1548,0.0023441028,0.00017012504,0.006388936
"1549","F1044O2",1549,0.0019767928,0.00018532994,0.00605458
"1550","F1044O2",1550,0.0017864588,0.00018126586,0.006172058
"1551","F1044O2",1551,0.0015393588,0.00018126586,0.006407012
"1552","F1044O2",1552,0.0015059668,9.921598e-05,0.005909994
"1553","F1044O2",1553,0.001743048,5.465258e-05,0.00649738
"1554","F1044O2",1554,0.001846564,6.022296e-05,0.007907094
"1555","F1044O2",1555,0.00296185,0.00149031264,0.01341948
"1556","F1044O2",1556,0.00263294159,0.00149031264,0.01200531643
"1557","F1044O2",1557,0.00224726718,0.00149031264,0.01081707086
"1558","F1044O2",1558,0.00184489677,0.00145839656,0.00906854929
"1559","F1044O2",1559,0.00154270036,0.00143762128,0.00685916572
"1560","F1044O2",1560,8.34795e-06,7.5316e-06,4.549572e-05
"1561","F1044O2",1561,8.34795e-06,7.5316e-06,4.549572e-05
"1562","F1044O2",1562,8.34795e-06,7.5316e-06,4.549572e-05
"1563","F1044O2",1563,8.34795e-06,7.5316e-06,4.549572e-05
"1564","F1044O2",1564,8.34795e-06,7.5316e-06,4.549572e-05
"1565","F1044O2",1565,8.34795e-06,7.5316e-06,2.298215e-05
"1566","F1044O2",1566,8.34795e-06,7.5316e-06,2.298215e-05
"1567","F1044O2",1567,8.34795e-06,7.5316e-06,3.64591e-05
"1568","F1044O2",1568,8.34795e-06,7.5316e-06,3.64591e-05
"1569","F1044O2",1569,8.34795e-06,7.5316e-06,3.64591e-05
